onnx/vgg16-7.onnx,vnnlib/spec0_Kerry_blue_terrier.vnnlib,1200
onnx/vgg16-7.onnx,vnnlib/spec1_rock_beauty.vnnlib,1200
onnx/vgg16-7.onnx,vnnlib/spec2_ski.vnnlib,1200
onnx/vgg16-7.onnx,vnnlib/spec3_hog.vnnlib,1200
onnx/vgg16-7.onnx,vnnlib/spec4_grille.vnnlib,1200
onnx/vgg16-7.onnx,vnnlib/spec5_spider_web.vnnlib,1200
onnx/vgg16-7.onnx,vnnlib/spec6_steel_arch_bridge.vnnlib,1200
onnx/vgg16-7.onnx,vnnlib/spec7_wall_clock.vnnlib,1200
onnx/vgg16-7.onnx,vnnlib/spec8_damselfly.vnnlib,1200
onnx/vgg16-7.onnx,vnnlib/spec9_proboscis_monkey.vnnlib,1200
onnx/vgg16-7.onnx,vnnlib/spec10_panpipe.vnnlib,1200
onnx/vgg16-7.onnx,vnnlib/spec11_suspension_bridge.vnnlib,1200
onnx/vgg16-7.onnx,vnnlib/spec12_harvester.vnnlib,1200
onnx/vgg16-7.onnx,vnnlib/spec13_guacamole.vnnlib,1200
onnx/vgg16-7.onnx,vnnlib/spec14_siamang.vnnlib,1200
onnx/vgg16-7.onnx,vnnlib/spec15_plate.vnnlib,1200
onnx/vgg16-7.onnx,vnnlib/spec16_strawberry.vnnlib,1200
onnx/vgg16-7.onnx,vnnlib/spec17_reflex_camera.vnnlib,1200
