onnx/model_2_2.onnx,vnnlib/d2_eps_0.04_sample_15_label_6.vnnlib,180
onnx/model_2_2~d2_eps_0.04_sample_15_label_6~pct0.2~cnt25~seed157191271.onnx,vnnlib/d2_eps_0.04_sample_15_label_6.vnnlib,180
onnx/model_2_2~d2_eps_0.04_sample_15_label_6~pct0.4~cnt51~seed157191271.onnx,vnnlib/d2_eps_0.04_sample_15_label_6.vnnlib,180
onnx/model_2_2~d2_eps_0.04_sample_15_label_6~pct0.6~cnt76~seed157191271.onnx,vnnlib/d2_eps_0.04_sample_15_label_6.vnnlib,180
onnx/model_2_2~d2_eps_0.04_sample_15_label_6~pct0.8~cnt102~seed157191271.onnx,vnnlib/d2_eps_0.04_sample_15_label_6.vnnlib,180
onnx/model_2_2~d2_eps_0.04_sample_15_label_6~pct1.0~cnt128~seed157191271.onnx,vnnlib/d2_eps_0.04_sample_15_label_6.vnnlib,180
onnx/model_3_3.onnx,vnnlib/d3_eps_0.01_sample_2_label_4.vnnlib,180
onnx/model_3_3~d3_eps_0.01_sample_2_label_4~pct0.2~cnt25~seed157191271.onnx,vnnlib/d3_eps_0.01_sample_2_label_4.vnnlib,180
onnx/model_3_3~d3_eps_0.01_sample_2_label_4~pct0.4~cnt51~seed157191271.onnx,vnnlib/d3_eps_0.01_sample_2_label_4.vnnlib,180
onnx/model_3_3~d3_eps_0.01_sample_2_label_4~pct0.6~cnt76~seed157191271.onnx,vnnlib/d3_eps_0.01_sample_2_label_4.vnnlib,180
onnx/model_3_3~d3_eps_0.01_sample_2_label_4~pct0.8~cnt102~seed157191271.onnx,vnnlib/d3_eps_0.01_sample_2_label_4.vnnlib,180
onnx/model_3_3~d3_eps_0.01_sample_2_label_4~pct1.0~cnt128~seed157191271.onnx,vnnlib/d3_eps_0.01_sample_2_label_4.vnnlib,180
onnx/model_3_3.onnx,vnnlib/d3_eps_0.04_sample_13_label_6.vnnlib,180
onnx/model_3_3~d3_eps_0.04_sample_13_label_6~pct0.2~cnt25~seed157191271.onnx,vnnlib/d3_eps_0.04_sample_13_label_6.vnnlib,180
onnx/model_3_3~d3_eps_0.04_sample_13_label_6~pct0.4~cnt51~seed157191271.onnx,vnnlib/d3_eps_0.04_sample_13_label_6.vnnlib,180
onnx/model_3_3~d3_eps_0.04_sample_13_label_6~pct0.6~cnt76~seed157191271.onnx,vnnlib/d3_eps_0.04_sample_13_label_6.vnnlib,180
onnx/model_3_3~d3_eps_0.04_sample_13_label_6~pct0.8~cnt102~seed157191271.onnx,vnnlib/d3_eps_0.04_sample_13_label_6.vnnlib,180
onnx/model_3_3~d3_eps_0.04_sample_13_label_6~pct1.0~cnt128~seed157191271.onnx,vnnlib/d3_eps_0.04_sample_13_label_6.vnnlib,180
onnx/model_1_1.onnx,vnnlib/d1_eps_0.01_sample_2_label_7.vnnlib,180
onnx/model_1_1~d1_eps_0.01_sample_2_label_7~pct0.2~cnt25~seed157191271.onnx,vnnlib/d1_eps_0.01_sample_2_label_7.vnnlib,180
onnx/model_1_1~d1_eps_0.01_sample_2_label_7~pct0.4~cnt51~seed157191271.onnx,vnnlib/d1_eps_0.01_sample_2_label_7.vnnlib,180
onnx/model_1_1~d1_eps_0.01_sample_2_label_7~pct0.6~cnt76~seed157191271.onnx,vnnlib/d1_eps_0.01_sample_2_label_7.vnnlib,180
onnx/model_1_1~d1_eps_0.01_sample_2_label_7~pct0.8~cnt102~seed157191271.onnx,vnnlib/d1_eps_0.01_sample_2_label_7.vnnlib,180
onnx/model_1_1~d1_eps_0.01_sample_2_label_7~pct1.0~cnt128~seed157191271.onnx,vnnlib/d1_eps_0.01_sample_2_label_7.vnnlib,180
onnx/model_2_2.onnx,vnnlib/d2_eps_0.01_sample_17_label_3.vnnlib,180
onnx/model_2_2~d2_eps_0.01_sample_17_label_3~pct0.2~cnt25~seed157191271.onnx,vnnlib/d2_eps_0.01_sample_17_label_3.vnnlib,180
onnx/model_2_2~d2_eps_0.01_sample_17_label_3~pct0.4~cnt51~seed157191271.onnx,vnnlib/d2_eps_0.01_sample_17_label_3.vnnlib,180
onnx/model_2_2~d2_eps_0.01_sample_17_label_3~pct0.6~cnt76~seed157191271.onnx,vnnlib/d2_eps_0.01_sample_17_label_3.vnnlib,180
onnx/model_2_2~d2_eps_0.01_sample_17_label_3~pct0.8~cnt102~seed157191271.onnx,vnnlib/d2_eps_0.01_sample_17_label_3.vnnlib,180
onnx/model_2_2~d2_eps_0.01_sample_17_label_3~pct1.0~cnt128~seed157191271.onnx,vnnlib/d2_eps_0.01_sample_17_label_3.vnnlib,180
onnx/model_0_0.onnx,vnnlib/d0_eps_0.04_sample_18_label_3.vnnlib,180
onnx/model_0_0~d0_eps_0.04_sample_18_label_3~pct0.2~cnt25~seed157191271.onnx,vnnlib/d0_eps_0.04_sample_18_label_3.vnnlib,180
onnx/model_0_0~d0_eps_0.04_sample_18_label_3~pct0.4~cnt51~seed157191271.onnx,vnnlib/d0_eps_0.04_sample_18_label_3.vnnlib,180
onnx/model_0_0~d0_eps_0.04_sample_18_label_3~pct0.6~cnt76~seed157191271.onnx,vnnlib/d0_eps_0.04_sample_18_label_3.vnnlib,180
onnx/model_0_0~d0_eps_0.04_sample_18_label_3~pct0.8~cnt102~seed157191271.onnx,vnnlib/d0_eps_0.04_sample_18_label_3.vnnlib,180
onnx/model_0_0~d0_eps_0.04_sample_18_label_3~pct1.0~cnt128~seed157191271.onnx,vnnlib/d0_eps_0.04_sample_18_label_3.vnnlib,180
onnx/model_3_3.onnx,vnnlib/d3_eps_0.03_sample_4_label_5.vnnlib,180
onnx/model_3_3~d3_eps_0.03_sample_4_label_5~pct0.2~cnt25~seed157191271.onnx,vnnlib/d3_eps_0.03_sample_4_label_5.vnnlib,180
onnx/model_3_3~d3_eps_0.03_sample_4_label_5~pct0.4~cnt51~seed157191271.onnx,vnnlib/d3_eps_0.03_sample_4_label_5.vnnlib,180
onnx/model_3_3~d3_eps_0.03_sample_4_label_5~pct0.6~cnt76~seed157191271.onnx,vnnlib/d3_eps_0.03_sample_4_label_5.vnnlib,180
onnx/model_3_3~d3_eps_0.03_sample_4_label_5~pct0.8~cnt102~seed157191271.onnx,vnnlib/d3_eps_0.03_sample_4_label_5.vnnlib,180
onnx/model_3_3~d3_eps_0.03_sample_4_label_5~pct1.0~cnt128~seed157191271.onnx,vnnlib/d3_eps_0.03_sample_4_label_5.vnnlib,180
onnx/model_1_1.onnx,vnnlib/d1_eps_0.01_sample_14_label_4.vnnlib,180
onnx/model_1_1~d1_eps_0.01_sample_14_label_4~pct0.2~cnt25~seed157191271.onnx,vnnlib/d1_eps_0.01_sample_14_label_4.vnnlib,180
onnx/model_1_1~d1_eps_0.01_sample_14_label_4~pct0.4~cnt51~seed157191271.onnx,vnnlib/d1_eps_0.01_sample_14_label_4.vnnlib,180
onnx/model_1_1~d1_eps_0.01_sample_14_label_4~pct0.6~cnt76~seed157191271.onnx,vnnlib/d1_eps_0.01_sample_14_label_4.vnnlib,180
onnx/model_1_1~d1_eps_0.01_sample_14_label_4~pct0.8~cnt102~seed157191271.onnx,vnnlib/d1_eps_0.01_sample_14_label_4.vnnlib,180
onnx/model_1_1~d1_eps_0.01_sample_14_label_4~pct1.0~cnt128~seed157191271.onnx,vnnlib/d1_eps_0.01_sample_14_label_4.vnnlib,180
onnx/model_1_1.onnx,vnnlib/d1_eps_0.09_sample_7_label_7.vnnlib,180
onnx/model_1_1~d1_eps_0.09_sample_7_label_7~pct0.2~cnt25~seed157191271.onnx,vnnlib/d1_eps_0.09_sample_7_label_7.vnnlib,180
onnx/model_1_1~d1_eps_0.09_sample_7_label_7~pct0.4~cnt51~seed157191271.onnx,vnnlib/d1_eps_0.09_sample_7_label_7.vnnlib,180
onnx/model_1_1~d1_eps_0.09_sample_7_label_7~pct0.6~cnt76~seed157191271.onnx,vnnlib/d1_eps_0.09_sample_7_label_7.vnnlib,180
onnx/model_1_1~d1_eps_0.09_sample_7_label_7~pct0.8~cnt102~seed157191271.onnx,vnnlib/d1_eps_0.09_sample_7_label_7.vnnlib,180
onnx/model_1_1~d1_eps_0.09_sample_7_label_7~pct1.0~cnt128~seed157191271.onnx,vnnlib/d1_eps_0.09_sample_7_label_7.vnnlib,180
onnx/model_3_3.onnx,vnnlib/d3_eps_0.04_sample_18_label_8.vnnlib,180
onnx/model_3_3~d3_eps_0.04_sample_18_label_8~pct0.2~cnt25~seed157191271.onnx,vnnlib/d3_eps_0.04_sample_18_label_8.vnnlib,180
onnx/model_3_3~d3_eps_0.04_sample_18_label_8~pct0.4~cnt51~seed157191271.onnx,vnnlib/d3_eps_0.04_sample_18_label_8.vnnlib,180
onnx/model_3_3~d3_eps_0.04_sample_18_label_8~pct0.6~cnt76~seed157191271.onnx,vnnlib/d3_eps_0.04_sample_18_label_8.vnnlib,180
onnx/model_3_3~d3_eps_0.04_sample_18_label_8~pct0.8~cnt102~seed157191271.onnx,vnnlib/d3_eps_0.04_sample_18_label_8.vnnlib,180
onnx/model_3_3~d3_eps_0.04_sample_18_label_8~pct1.0~cnt128~seed157191271.onnx,vnnlib/d3_eps_0.04_sample_18_label_8.vnnlib,180
onnx/model_1_1.onnx,vnnlib/d1_eps_0.01_sample_19_label_4.vnnlib,180
onnx/model_1_1~d1_eps_0.01_sample_19_label_4~pct0.2~cnt25~seed157191271.onnx,vnnlib/d1_eps_0.01_sample_19_label_4.vnnlib,180
onnx/model_1_1~d1_eps_0.01_sample_19_label_4~pct0.4~cnt51~seed157191271.onnx,vnnlib/d1_eps_0.01_sample_19_label_4.vnnlib,180
onnx/model_1_1~d1_eps_0.01_sample_19_label_4~pct0.6~cnt76~seed157191271.onnx,vnnlib/d1_eps_0.01_sample_19_label_4.vnnlib,180
onnx/model_1_1~d1_eps_0.01_sample_19_label_4~pct0.8~cnt102~seed157191271.onnx,vnnlib/d1_eps_0.01_sample_19_label_4.vnnlib,180
onnx/model_1_1~d1_eps_0.01_sample_19_label_4~pct1.0~cnt128~seed157191271.onnx,vnnlib/d1_eps_0.01_sample_19_label_4.vnnlib,180
onnx/model_2_2.onnx,vnnlib/d2_eps_0.01_sample_8_label_3.vnnlib,180
onnx/model_2_2~d2_eps_0.01_sample_8_label_3~pct0.2~cnt25~seed157191271.onnx,vnnlib/d2_eps_0.01_sample_8_label_3.vnnlib,180
onnx/model_2_2~d2_eps_0.01_sample_8_label_3~pct0.4~cnt51~seed157191271.onnx,vnnlib/d2_eps_0.01_sample_8_label_3.vnnlib,180
onnx/model_2_2~d2_eps_0.01_sample_8_label_3~pct0.6~cnt76~seed157191271.onnx,vnnlib/d2_eps_0.01_sample_8_label_3.vnnlib,180
onnx/model_2_2~d2_eps_0.01_sample_8_label_3~pct0.8~cnt102~seed157191271.onnx,vnnlib/d2_eps_0.01_sample_8_label_3.vnnlib,180
onnx/model_2_2~d2_eps_0.01_sample_8_label_3~pct1.0~cnt128~seed157191271.onnx,vnnlib/d2_eps_0.01_sample_8_label_3.vnnlib,180
onnx/model_1_1.onnx,vnnlib/d1_eps_0.06_sample_1_label_1.vnnlib,180
onnx/model_1_1~d1_eps_0.06_sample_1_label_1~pct0.2~cnt25~seed157191271.onnx,vnnlib/d1_eps_0.06_sample_1_label_1.vnnlib,180
onnx/model_1_1~d1_eps_0.06_sample_1_label_1~pct0.4~cnt51~seed157191271.onnx,vnnlib/d1_eps_0.06_sample_1_label_1.vnnlib,180
onnx/model_1_1~d1_eps_0.06_sample_1_label_1~pct0.6~cnt76~seed157191271.onnx,vnnlib/d1_eps_0.06_sample_1_label_1.vnnlib,180
onnx/model_1_1~d1_eps_0.06_sample_1_label_1~pct0.8~cnt102~seed157191271.onnx,vnnlib/d1_eps_0.06_sample_1_label_1.vnnlib,180
onnx/model_1_1~d1_eps_0.06_sample_1_label_1~pct1.0~cnt128~seed157191271.onnx,vnnlib/d1_eps_0.06_sample_1_label_1.vnnlib,180
onnx/model_1_1.onnx,vnnlib/d1_eps_0.01_sample_5_label_4.vnnlib,180
onnx/model_1_1~d1_eps_0.01_sample_5_label_4~pct0.2~cnt25~seed157191271.onnx,vnnlib/d1_eps_0.01_sample_5_label_4.vnnlib,180
onnx/model_1_1~d1_eps_0.01_sample_5_label_4~pct0.4~cnt51~seed157191271.onnx,vnnlib/d1_eps_0.01_sample_5_label_4.vnnlib,180
onnx/model_1_1~d1_eps_0.01_sample_5_label_4~pct0.6~cnt76~seed157191271.onnx,vnnlib/d1_eps_0.01_sample_5_label_4.vnnlib,180
onnx/model_1_1~d1_eps_0.01_sample_5_label_4~pct0.8~cnt102~seed157191271.onnx,vnnlib/d1_eps_0.01_sample_5_label_4.vnnlib,180
onnx/model_1_1~d1_eps_0.01_sample_5_label_4~pct1.0~cnt128~seed157191271.onnx,vnnlib/d1_eps_0.01_sample_5_label_4.vnnlib,180
onnx/model_0_0.onnx,vnnlib/d0_eps_0.06_sample_18_label_4.vnnlib,180
onnx/model_0_0~d0_eps_0.06_sample_18_label_4~pct0.2~cnt25~seed157191271.onnx,vnnlib/d0_eps_0.06_sample_18_label_4.vnnlib,180
onnx/model_0_0~d0_eps_0.06_sample_18_label_4~pct0.4~cnt51~seed157191271.onnx,vnnlib/d0_eps_0.06_sample_18_label_4.vnnlib,180
onnx/model_0_0~d0_eps_0.06_sample_18_label_4~pct0.6~cnt76~seed157191271.onnx,vnnlib/d0_eps_0.06_sample_18_label_4.vnnlib,180
onnx/model_0_0~d0_eps_0.06_sample_18_label_4~pct0.8~cnt102~seed157191271.onnx,vnnlib/d0_eps_0.06_sample_18_label_4.vnnlib,180
onnx/model_0_0~d0_eps_0.06_sample_18_label_4~pct1.0~cnt128~seed157191271.onnx,vnnlib/d0_eps_0.06_sample_18_label_4.vnnlib,180
onnx/model_1_1.onnx,vnnlib/d1_eps_0.01_sample_3_label_1.vnnlib,180
onnx/model_1_1~d1_eps_0.01_sample_3_label_1~pct0.2~cnt25~seed157191271.onnx,vnnlib/d1_eps_0.01_sample_3_label_1.vnnlib,180
onnx/model_1_1~d1_eps_0.01_sample_3_label_1~pct0.4~cnt51~seed157191271.onnx,vnnlib/d1_eps_0.01_sample_3_label_1.vnnlib,180
onnx/model_1_1~d1_eps_0.01_sample_3_label_1~pct0.6~cnt76~seed157191271.onnx,vnnlib/d1_eps_0.01_sample_3_label_1.vnnlib,180
onnx/model_1_1~d1_eps_0.01_sample_3_label_1~pct0.8~cnt102~seed157191271.onnx,vnnlib/d1_eps_0.01_sample_3_label_1.vnnlib,180
onnx/model_1_1~d1_eps_0.01_sample_3_label_1~pct1.0~cnt128~seed157191271.onnx,vnnlib/d1_eps_0.01_sample_3_label_1.vnnlib,180
onnx/model_2_2.onnx,vnnlib/d2_eps_0.05_sample_6_label_6.vnnlib,180
onnx/model_2_2~d2_eps_0.05_sample_6_label_6~pct0.2~cnt25~seed157191271.onnx,vnnlib/d2_eps_0.05_sample_6_label_6.vnnlib,180
onnx/model_2_2~d2_eps_0.05_sample_6_label_6~pct0.4~cnt51~seed157191271.onnx,vnnlib/d2_eps_0.05_sample_6_label_6.vnnlib,180
onnx/model_2_2~d2_eps_0.05_sample_6_label_6~pct0.6~cnt76~seed157191271.onnx,vnnlib/d2_eps_0.05_sample_6_label_6.vnnlib,180
onnx/model_2_2~d2_eps_0.05_sample_6_label_6~pct0.8~cnt102~seed157191271.onnx,vnnlib/d2_eps_0.05_sample_6_label_6.vnnlib,180
onnx/model_2_2~d2_eps_0.05_sample_6_label_6~pct1.0~cnt128~seed157191271.onnx,vnnlib/d2_eps_0.05_sample_6_label_6.vnnlib,180
onnx/model_3_3.onnx,vnnlib/d3_eps_0.05_sample_17_label_0.vnnlib,180
onnx/model_3_3~d3_eps_0.05_sample_17_label_0~pct0.2~cnt25~seed157191271.onnx,vnnlib/d3_eps_0.05_sample_17_label_0.vnnlib,180
onnx/model_3_3~d3_eps_0.05_sample_17_label_0~pct0.4~cnt51~seed157191271.onnx,vnnlib/d3_eps_0.05_sample_17_label_0.vnnlib,180
onnx/model_3_3~d3_eps_0.05_sample_17_label_0~pct0.6~cnt76~seed157191271.onnx,vnnlib/d3_eps_0.05_sample_17_label_0.vnnlib,180
onnx/model_3_3~d3_eps_0.05_sample_17_label_0~pct0.8~cnt102~seed157191271.onnx,vnnlib/d3_eps_0.05_sample_17_label_0.vnnlib,180
onnx/model_3_3~d3_eps_0.05_sample_17_label_0~pct1.0~cnt128~seed157191271.onnx,vnnlib/d3_eps_0.05_sample_17_label_0.vnnlib,180
onnx/model_3_3.onnx,vnnlib/d3_eps_0.01_sample_18_label_4.vnnlib,180
onnx/model_3_3~d3_eps_0.01_sample_18_label_4~pct0.2~cnt25~seed157191271.onnx,vnnlib/d3_eps_0.01_sample_18_label_4.vnnlib,180
onnx/model_3_3~d3_eps_0.01_sample_18_label_4~pct0.4~cnt51~seed157191271.onnx,vnnlib/d3_eps_0.01_sample_18_label_4.vnnlib,180
onnx/model_3_3~d3_eps_0.01_sample_18_label_4~pct0.6~cnt76~seed157191271.onnx,vnnlib/d3_eps_0.01_sample_18_label_4.vnnlib,180
onnx/model_3_3~d3_eps_0.01_sample_18_label_4~pct0.8~cnt102~seed157191271.onnx,vnnlib/d3_eps_0.01_sample_18_label_4.vnnlib,180
onnx/model_3_3~d3_eps_0.01_sample_18_label_4~pct1.0~cnt128~seed157191271.onnx,vnnlib/d3_eps_0.01_sample_18_label_4.vnnlib,180
onnx/model_1_1.onnx,vnnlib/d1_eps_0.01_sample_11_label_5.vnnlib,180
onnx/model_1_1~d1_eps_0.01_sample_11_label_5~pct0.2~cnt25~seed157191271.onnx,vnnlib/d1_eps_0.01_sample_11_label_5.vnnlib,180
onnx/model_1_1~d1_eps_0.01_sample_11_label_5~pct0.4~cnt51~seed157191271.onnx,vnnlib/d1_eps_0.01_sample_11_label_5.vnnlib,180
onnx/model_1_1~d1_eps_0.01_sample_11_label_5~pct0.6~cnt76~seed157191271.onnx,vnnlib/d1_eps_0.01_sample_11_label_5.vnnlib,180
onnx/model_1_1~d1_eps_0.01_sample_11_label_5~pct0.8~cnt102~seed157191271.onnx,vnnlib/d1_eps_0.01_sample_11_label_5.vnnlib,180
onnx/model_1_1~d1_eps_0.01_sample_11_label_5~pct1.0~cnt128~seed157191271.onnx,vnnlib/d1_eps_0.01_sample_11_label_5.vnnlib,180
