onnx/pgd_2_3_16.onnx,vnnlib/pgd_2_3_16_6910.vnnlib,100
onnx/pgd_2_3_16.onnx,vnnlib/pgd_2_3_16_193.vnnlib,100
onnx/pgd_2_3_16.onnx,vnnlib/pgd_2_3_16_5734.vnnlib,100
onnx/pgd_2_3_16.onnx,vnnlib/pgd_2_3_16_8082.vnnlib,100
onnx/pgd_2_3_16.onnx,vnnlib/pgd_2_3_16_5295.vnnlib,100
onnx/pgd_2_3_16.onnx,vnnlib/pgd_2_3_16_6365.vnnlib,100
onnx/pgd_2_3_16.onnx,vnnlib/pgd_2_3_16_830.vnnlib,100
onnx/pgd_2_3_16.onnx,vnnlib/pgd_2_3_16_112.vnnlib,100
onnx/pgd_2_3_16.onnx,vnnlib/pgd_2_3_16_1549.vnnlib,100
onnx/pgd_2_3_16.onnx,vnnlib/pgd_2_3_16_9703.vnnlib,100
onnx/pgd_2_3_16.onnx,vnnlib/pgd_2_3_16_9474.vnnlib,100
onnx/pgd_2_3_16.onnx,vnnlib/pgd_2_3_16_5552.vnnlib,100
onnx/pgd_2_3_16.onnx,vnnlib/pgd_2_3_16_7016.vnnlib,100
onnx/pgd_2_3_16.onnx,vnnlib/pgd_2_3_16_8614.vnnlib,100
onnx/pgd_2_3_16.onnx,vnnlib/pgd_2_3_16_4115.vnnlib,100
onnx/pgd_2_3_16.onnx,vnnlib/pgd_2_3_16_5473.vnnlib,100
onnx/pgd_2_3_16.onnx,vnnlib/pgd_2_3_16_1635.vnnlib,100
onnx/pgd_2_3_16.onnx,vnnlib/pgd_2_3_16_9847.vnnlib,100
onnx/pgd_2_3_16.onnx,vnnlib/pgd_2_3_16_7786.vnnlib,100
onnx/pgd_2_3_16.onnx,vnnlib/pgd_2_3_16_854.vnnlib,100
onnx/pgd_2_3_16.onnx,vnnlib/pgd_2_3_16_8210.vnnlib,100
onnx/pgd_2_3_16.onnx,vnnlib/pgd_2_3_16_7603.vnnlib,100
onnx/pgd_2_3_16.onnx,vnnlib/pgd_2_3_16_664.vnnlib,100
onnx/pgd_2_3_16.onnx,vnnlib/pgd_2_3_16_4902.vnnlib,100
onnx/pgd_2_3_16.onnx,vnnlib/pgd_2_3_16_1917.vnnlib,100
onnx/pgd_2_3_16.onnx,vnnlib/pgd_2_3_16_7475.vnnlib,100
onnx/pgd_2_3_16.onnx,vnnlib/pgd_2_3_16_6445.vnnlib,100
onnx/pgd_2_3_16.onnx,vnnlib/pgd_2_3_16_4456.vnnlib,100
onnx/pgd_2_3_16.onnx,vnnlib/pgd_2_3_16_9136.vnnlib,100
onnx/pgd_2_3_16.onnx,vnnlib/pgd_2_3_16_9186.vnnlib,100
onnx/pgd_2_3_16.onnx,vnnlib/pgd_2_3_16_8461.vnnlib,100
onnx/pgd_2_3_16.onnx,vnnlib/pgd_2_3_16_5049.vnnlib,100
onnx/pgd_2_3_16.onnx,vnnlib/pgd_2_3_16_3767.vnnlib,100
onnx/pgd_2_3_16.onnx,vnnlib/pgd_2_3_16_6773.vnnlib,100
onnx/pgd_2_3_16.onnx,vnnlib/pgd_2_3_16_7361.vnnlib,100
onnx/pgd_2_3_16.onnx,vnnlib/pgd_2_3_16_498.vnnlib,100
onnx/pgd_2_3_16.onnx,vnnlib/pgd_2_3_16_5252.vnnlib,100
onnx/pgd_2_3_16.onnx,vnnlib/pgd_2_3_16_955.vnnlib,100
onnx/pgd_2_3_16.onnx,vnnlib/pgd_2_3_16_7284.vnnlib,100
onnx/pgd_2_3_16.onnx,vnnlib/pgd_2_3_16_3157.vnnlib,100
onnx/pgd_2_3_16.onnx,vnnlib/pgd_2_3_16_7629.vnnlib,100
onnx/pgd_2_3_16.onnx,vnnlib/pgd_2_3_16_261.vnnlib,100
onnx/pgd_2_3_16.onnx,vnnlib/pgd_2_3_16_1133.vnnlib,100
onnx/pgd_2_3_16.onnx,vnnlib/pgd_2_3_16_4243.vnnlib,100
onnx/pgd_2_3_16.onnx,vnnlib/pgd_2_3_16_763.vnnlib,100
onnx/pgd_2_3_16.onnx,vnnlib/pgd_2_3_16_5992.vnnlib,100
onnx/pgd_2_3_16.onnx,vnnlib/pgd_2_3_16_1408.vnnlib,100
onnx/pgd_2_3_16.onnx,vnnlib/pgd_2_3_16_6618.vnnlib,100
onnx/pgd_2_3_16.onnx,vnnlib/pgd_2_3_16_6638.vnnlib,100
onnx/pgd_2_3_16.onnx,vnnlib/pgd_2_3_16_2158.vnnlib,100
onnx/pgd_2_3_16.onnx,vnnlib/pgd_2_3_16_8852.vnnlib,100
onnx/pgd_2_3_16.onnx,vnnlib/pgd_2_3_16_2625.vnnlib,100
onnx/pgd_2_3_16.onnx,vnnlib/pgd_2_3_16_9077.vnnlib,100
onnx/pgd_2_3_16.onnx,vnnlib/pgd_2_3_16_9623.vnnlib,100
onnx/pgd_2_3_16.onnx,vnnlib/pgd_2_3_16_3245.vnnlib,100
onnx/pgd_2_3_16.onnx,vnnlib/pgd_2_3_16_1359.vnnlib,100
onnx/pgd_2_3_16.onnx,vnnlib/pgd_2_3_16_2734.vnnlib,100
onnx/pgd_2_3_16.onnx,vnnlib/pgd_2_3_16_6654.vnnlib,100
onnx/pgd_2_3_16.onnx,vnnlib/pgd_2_3_16_2394.vnnlib,100
onnx/pgd_2_3_16.onnx,vnnlib/pgd_2_3_16_9802.vnnlib,100
onnx/pgd_2_3_16.onnx,vnnlib/pgd_2_3_16_6583.vnnlib,100
onnx/pgd_2_3_16.onnx,vnnlib/pgd_2_3_16_3870.vnnlib,100
onnx/pgd_2_3_16.onnx,vnnlib/pgd_2_3_16_1028.vnnlib,100
onnx/pgd_2_3_16.onnx,vnnlib/pgd_2_3_16_1639.vnnlib,100
onnx/pgd_2_3_16.onnx,vnnlib/pgd_2_3_16_5436.vnnlib,100
onnx/pgd_2_3_16.onnx,vnnlib/pgd_2_3_16_7199.vnnlib,100
onnx/pgd_2_3_16.onnx,vnnlib/pgd_2_3_16_6028.vnnlib,100
onnx/pgd_2_3_16.onnx,vnnlib/pgd_2_3_16_1537.vnnlib,100
onnx/pgd_2_3_16.onnx,vnnlib/pgd_2_3_16_9157.vnnlib,100
onnx/pgd_2_3_16.onnx,vnnlib/pgd_2_3_16_6306.vnnlib,100
onnx/pgd_2_3_16.onnx,vnnlib/pgd_2_3_16_5375.vnnlib,100
onnx/pgd_2_3_16.onnx,vnnlib/pgd_2_3_16_274.vnnlib,100
onnx/pgd_2_3_16.onnx,vnnlib/pgd_2_3_16_4494.vnnlib,100
onnx/pgd_2_3_16.onnx,vnnlib/pgd_2_3_16_7292.vnnlib,100
onnx/pgd_2_3_16.onnx,vnnlib/pgd_2_3_16_1415.vnnlib,100
onnx/pgd_2_3_16.onnx,vnnlib/pgd_2_3_16_965.vnnlib,100
onnx/pgd_2_3_16.onnx,vnnlib/pgd_2_3_16_2229.vnnlib,100
onnx/pgd_2_3_16.onnx,vnnlib/pgd_2_3_16_8950.vnnlib,100
onnx/pgd_2_3_16.onnx,vnnlib/pgd_2_3_16_2467.vnnlib,100
onnx/pgd_2_3_16.onnx,vnnlib/pgd_2_3_16_4351.vnnlib,100
onnx/pgd_2_3_16.onnx,vnnlib/pgd_2_3_16_1074.vnnlib,100
onnx/pgd_2_3_16.onnx,vnnlib/pgd_2_3_16_4515.vnnlib,100
onnx/pgd_2_3_16.onnx,vnnlib/pgd_2_3_16_2239.vnnlib,100
onnx/pgd_2_3_16.onnx,vnnlib/pgd_2_3_16_3338.vnnlib,100
onnx/pgd_2_3_16.onnx,vnnlib/pgd_2_3_16_7994.vnnlib,100
onnx/pgd_2_3_16.onnx,vnnlib/pgd_2_3_16_2663.vnnlib,100
onnx/pgd_2_3_16.onnx,vnnlib/pgd_2_3_16_7957.vnnlib,100
onnx/pgd_2_3_16.onnx,vnnlib/pgd_2_3_16_7151.vnnlib,100
onnx/pgd_2_3_16.onnx,vnnlib/pgd_2_3_16_5843.vnnlib,100
onnx/pgd_2_3_16.onnx,vnnlib/pgd_2_3_16_1428.vnnlib,100
onnx/pgd_2_3_16.onnx,vnnlib/pgd_2_3_16_8039.vnnlib,100
onnx/pgd_2_3_16.onnx,vnnlib/pgd_2_3_16_6775.vnnlib,100
onnx/pgd_2_3_16.onnx,vnnlib/pgd_2_3_16_8842.vnnlib,100
onnx/pgd_2_3_16.onnx,vnnlib/pgd_2_3_16_8605.vnnlib,100
onnx/pgd_2_3_16.onnx,vnnlib/pgd_2_3_16_507.vnnlib,100
onnx/pgd_2_3_16.onnx,vnnlib/pgd_2_3_16_8947.vnnlib,100
onnx/pgd_2_3_16.onnx,vnnlib/pgd_2_3_16_9796.vnnlib,100
onnx/pgd_2_3_16.onnx,vnnlib/pgd_2_3_16_3592.vnnlib,100
onnx/pgd_2_3_16.onnx,vnnlib/pgd_2_3_16_8040.vnnlib,100
onnx/pgd_2_3_16.onnx,vnnlib/pgd_2_3_16_7652.vnnlib,100
onnx/ibp_3_3_8.onnx,vnnlib/ibp_3_3_8_5233.vnnlib,100
onnx/ibp_3_3_8.onnx,vnnlib/ibp_3_3_8_9191.vnnlib,100
onnx/ibp_3_3_8.onnx,vnnlib/ibp_3_3_8_3797.vnnlib,100
onnx/ibp_3_3_8.onnx,vnnlib/ibp_3_3_8_8591.vnnlib,100
onnx/ibp_3_3_8.onnx,vnnlib/ibp_3_3_8_8445.vnnlib,100
onnx/ibp_3_3_8.onnx,vnnlib/ibp_3_3_8_3613.vnnlib,100
onnx/ibp_3_3_8.onnx,vnnlib/ibp_3_3_8_1367.vnnlib,100
onnx/ibp_3_3_8.onnx,vnnlib/ibp_3_3_8_3810.vnnlib,100
onnx/ibp_3_3_8.onnx,vnnlib/ibp_3_3_8_1266.vnnlib,100
onnx/ibp_3_3_8.onnx,vnnlib/ibp_3_3_8_8689.vnnlib,100
onnx/ibp_3_3_8.onnx,vnnlib/ibp_3_3_8_6025.vnnlib,100
onnx/ibp_3_3_8.onnx,vnnlib/ibp_3_3_8_8325.vnnlib,100
onnx/ibp_3_3_8.onnx,vnnlib/ibp_3_3_8_3375.vnnlib,100
onnx/ibp_3_3_8.onnx,vnnlib/ibp_3_3_8_7999.vnnlib,100
onnx/ibp_3_3_8.onnx,vnnlib/ibp_3_3_8_7655.vnnlib,100
onnx/ibp_3_3_8.onnx,vnnlib/ibp_3_3_8_9360.vnnlib,100
onnx/ibp_3_3_8.onnx,vnnlib/ibp_3_3_8_971.vnnlib,100
onnx/ibp_3_3_8.onnx,vnnlib/ibp_3_3_8_1796.vnnlib,100
onnx/ibp_3_3_8.onnx,vnnlib/ibp_3_3_8_6902.vnnlib,100
onnx/ibp_3_3_8.onnx,vnnlib/ibp_3_3_8_4974.vnnlib,100
onnx/ibp_3_3_8.onnx,vnnlib/ibp_3_3_8_3482.vnnlib,100
onnx/ibp_3_3_8.onnx,vnnlib/ibp_3_3_8_7157.vnnlib,100
onnx/ibp_3_3_8.onnx,vnnlib/ibp_3_3_8_5575.vnnlib,100
onnx/ibp_3_3_8.onnx,vnnlib/ibp_3_3_8_4861.vnnlib,100
onnx/ibp_3_3_8.onnx,vnnlib/ibp_3_3_8_7132.vnnlib,100
onnx/ibp_3_3_8.onnx,vnnlib/ibp_3_3_8_663.vnnlib,100
onnx/ibp_3_3_8.onnx,vnnlib/ibp_3_3_8_4297.vnnlib,100
onnx/ibp_3_3_8.onnx,vnnlib/ibp_3_3_8_7682.vnnlib,100
onnx/ibp_3_3_8.onnx,vnnlib/ibp_3_3_8_503.vnnlib,100
onnx/ibp_3_3_8.onnx,vnnlib/ibp_3_3_8_453.vnnlib,100
onnx/ibp_3_3_8.onnx,vnnlib/ibp_3_3_8_5857.vnnlib,100
onnx/ibp_3_3_8.onnx,vnnlib/ibp_3_3_8_9635.vnnlib,100
onnx/ibp_3_3_8.onnx,vnnlib/ibp_3_3_8_4625.vnnlib,100
onnx/ibp_3_3_8.onnx,vnnlib/ibp_3_3_8_4493.vnnlib,100
onnx/ibp_3_3_8.onnx,vnnlib/ibp_3_3_8_5532.vnnlib,100
onnx/ibp_3_3_8.onnx,vnnlib/ibp_3_3_8_1140.vnnlib,100
onnx/ibp_3_3_8.onnx,vnnlib/ibp_3_3_8_5436.vnnlib,100
onnx/ibp_3_3_8.onnx,vnnlib/ibp_3_3_8_2512.vnnlib,100
onnx/ibp_3_3_8.onnx,vnnlib/ibp_3_3_8_6769.vnnlib,100
onnx/ibp_3_3_8.onnx,vnnlib/ibp_3_3_8_3158.vnnlib,100
onnx/ibp_3_3_8.onnx,vnnlib/ibp_3_3_8_2339.vnnlib,100
onnx/ibp_3_3_8.onnx,vnnlib/ibp_3_3_8_48.vnnlib,100
onnx/ibp_3_3_8.onnx,vnnlib/ibp_3_3_8_6438.vnnlib,100
onnx/ibp_3_3_8.onnx,vnnlib/ibp_3_3_8_2429.vnnlib,100
onnx/ibp_3_3_8.onnx,vnnlib/ibp_3_3_8_4114.vnnlib,100
onnx/ibp_3_3_8.onnx,vnnlib/ibp_3_3_8_7227.vnnlib,100
onnx/ibp_3_3_8.onnx,vnnlib/ibp_3_3_8_3266.vnnlib,100
onnx/ibp_3_3_8.onnx,vnnlib/ibp_3_3_8_1279.vnnlib,100
onnx/ibp_3_3_8.onnx,vnnlib/ibp_3_3_8_4559.vnnlib,100
onnx/ibp_3_3_8.onnx,vnnlib/ibp_3_3_8_8354.vnnlib,100
onnx/ibp_3_3_8.onnx,vnnlib/ibp_3_3_8_9886.vnnlib,100
onnx/ibp_3_3_8.onnx,vnnlib/ibp_3_3_8_5757.vnnlib,100
onnx/ibp_3_3_8.onnx,vnnlib/ibp_3_3_8_4846.vnnlib,100
onnx/ibp_3_3_8.onnx,vnnlib/ibp_3_3_8_8386.vnnlib,100
onnx/ibp_3_3_8.onnx,vnnlib/ibp_3_3_8_5251.vnnlib,100
onnx/ibp_3_3_8.onnx,vnnlib/ibp_3_3_8_6378.vnnlib,100
onnx/ibp_3_3_8.onnx,vnnlib/ibp_3_3_8_260.vnnlib,100
onnx/ibp_3_3_8.onnx,vnnlib/ibp_3_3_8_2383.vnnlib,100
onnx/ibp_3_3_8.onnx,vnnlib/ibp_3_3_8_9794.vnnlib,100
onnx/ibp_3_3_8.onnx,vnnlib/ibp_3_3_8_2675.vnnlib,100
onnx/ibp_3_3_8.onnx,vnnlib/ibp_3_3_8_2351.vnnlib,100
onnx/ibp_3_3_8.onnx,vnnlib/ibp_3_3_8_8481.vnnlib,100
onnx/ibp_3_3_8.onnx,vnnlib/ibp_3_3_8_4065.vnnlib,100
onnx/ibp_3_3_8.onnx,vnnlib/ibp_3_3_8_4775.vnnlib,100
onnx/ibp_3_3_8.onnx,vnnlib/ibp_3_3_8_6547.vnnlib,100
onnx/ibp_3_3_8.onnx,vnnlib/ibp_3_3_8_937.vnnlib,100
onnx/ibp_3_3_8.onnx,vnnlib/ibp_3_3_8_9687.vnnlib,100
onnx/ibp_3_3_8.onnx,vnnlib/ibp_3_3_8_7927.vnnlib,100
onnx/ibp_3_3_8.onnx,vnnlib/ibp_3_3_8_6948.vnnlib,100
onnx/ibp_3_3_8.onnx,vnnlib/ibp_3_3_8_5899.vnnlib,100
onnx/ibp_3_3_8.onnx,vnnlib/ibp_3_3_8_3193.vnnlib,100
onnx/ibp_3_3_8.onnx,vnnlib/ibp_3_3_8_7011.vnnlib,100
onnx/ibp_3_3_8.onnx,vnnlib/ibp_3_3_8_4997.vnnlib,100
onnx/ibp_3_3_8.onnx,vnnlib/ibp_3_3_8_8748.vnnlib,100
onnx/ibp_3_3_8.onnx,vnnlib/ibp_3_3_8_8792.vnnlib,100
onnx/ibp_3_3_8.onnx,vnnlib/ibp_3_3_8_2620.vnnlib,100
onnx/ibp_3_3_8.onnx,vnnlib/ibp_3_3_8_9119.vnnlib,100
onnx/ibp_3_3_8.onnx,vnnlib/ibp_3_3_8_5342.vnnlib,100
onnx/ibp_3_3_8.onnx,vnnlib/ibp_3_3_8_8334.vnnlib,100
onnx/ibp_3_3_8.onnx,vnnlib/ibp_3_3_8_2818.vnnlib,100
onnx/ibp_3_3_8.onnx,vnnlib/ibp_3_3_8_3549.vnnlib,100
onnx/ibp_3_3_8.onnx,vnnlib/ibp_3_3_8_8440.vnnlib,100
onnx/ibp_3_3_8.onnx,vnnlib/ibp_3_3_8_8109.vnnlib,100
onnx/ibp_3_3_8.onnx,vnnlib/ibp_3_3_8_1539.vnnlib,100
onnx/ibp_3_3_8.onnx,vnnlib/ibp_3_3_8_440.vnnlib,100
onnx/ibp_3_3_8.onnx,vnnlib/ibp_3_3_8_7889.vnnlib,100
onnx/ibp_3_3_8.onnx,vnnlib/ibp_3_3_8_6579.vnnlib,100
onnx/ibp_3_3_8.onnx,vnnlib/ibp_3_3_8_6056.vnnlib,100
onnx/ibp_3_3_8.onnx,vnnlib/ibp_3_3_8_746.vnnlib,100
onnx/ibp_3_3_8.onnx,vnnlib/ibp_3_3_8_6943.vnnlib,100
onnx/ibp_3_3_8.onnx,vnnlib/ibp_3_3_8_4316.vnnlib,100
onnx/ibp_3_3_8.onnx,vnnlib/ibp_3_3_8_9175.vnnlib,100
onnx/ibp_3_3_8.onnx,vnnlib/ibp_3_3_8_8734.vnnlib,100
onnx/ibp_3_3_8.onnx,vnnlib/ibp_3_3_8_9556.vnnlib,100
onnx/ibp_3_3_8.onnx,vnnlib/ibp_3_3_8_4524.vnnlib,100
onnx/ibp_3_3_8.onnx,vnnlib/ibp_3_3_8_8694.vnnlib,100
onnx/ibp_3_3_8.onnx,vnnlib/ibp_3_3_8_1767.vnnlib,100
onnx/ibp_3_3_8.onnx,vnnlib/ibp_3_3_8_2759.vnnlib,100
onnx/ibp_3_3_8.onnx,vnnlib/ibp_3_3_8_7322.vnnlib,100
onnx/ibp_3_3_8.onnx,vnnlib/ibp_3_3_8_2215.vnnlib,100
