onnx/TinyYOLO.onnx,vnnlib/TinyYOLO_prop_000014_eps_1_255.vnnlib,300
onnx/TinyYOLO.onnx,vnnlib/TinyYOLO_prop_000004_eps_1_255.vnnlib,300
onnx/TinyYOLO.onnx,vnnlib/TinyYOLO_prop_000208_eps_1_255.vnnlib,300
onnx/TinyYOLO.onnx,vnnlib/TinyYOLO_prop_000122_eps_1_255.vnnlib,300
onnx/TinyYOLO.onnx,vnnlib/TinyYOLO_prop_000001_eps_1_255.vnnlib,300
onnx/TinyYOLO.onnx,vnnlib/TinyYOLO_prop_000082_eps_1_255.vnnlib,300
onnx/TinyYOLO.onnx,vnnlib/TinyYOLO_prop_000375_eps_1_255.vnnlib,300
onnx/TinyYOLO.onnx,vnnlib/TinyYOLO_prop_000155_eps_1_255.vnnlib,300
onnx/TinyYOLO.onnx,vnnlib/TinyYOLO_prop_000221_eps_1_255.vnnlib,300
onnx/TinyYOLO.onnx,vnnlib/TinyYOLO_prop_000400_eps_1_255.vnnlib,300
onnx/TinyYOLO.onnx,vnnlib/TinyYOLO_prop_000454_eps_1_255.vnnlib,300
onnx/TinyYOLO.onnx,vnnlib/TinyYOLO_prop_000428_eps_1_255.vnnlib,300
onnx/TinyYOLO.onnx,vnnlib/TinyYOLO_prop_000196_eps_1_255.vnnlib,300
onnx/TinyYOLO.onnx,vnnlib/TinyYOLO_prop_000245_eps_1_255.vnnlib,300
onnx/TinyYOLO.onnx,vnnlib/TinyYOLO_prop_000314_eps_1_255.vnnlib,300
onnx/TinyYOLO.onnx,vnnlib/TinyYOLO_prop_000254_eps_1_255.vnnlib,300
onnx/TinyYOLO.onnx,vnnlib/TinyYOLO_prop_000365_eps_1_255.vnnlib,300
onnx/TinyYOLO.onnx,vnnlib/TinyYOLO_prop_000431_eps_1_255.vnnlib,300
onnx/TinyYOLO.onnx,vnnlib/TinyYOLO_prop_000244_eps_1_255.vnnlib,300
onnx/TinyYOLO.onnx,vnnlib/TinyYOLO_prop_000139_eps_1_255.vnnlib,300
onnx/TinyYOLO.onnx,vnnlib/TinyYOLO_prop_000351_eps_1_255.vnnlib,300
onnx/TinyYOLO.onnx,vnnlib/TinyYOLO_prop_000052_eps_1_255.vnnlib,300
onnx/TinyYOLO.onnx,vnnlib/TinyYOLO_prop_000030_eps_1_255.vnnlib,300
onnx/TinyYOLO.onnx,vnnlib/TinyYOLO_prop_000323_eps_1_255.vnnlib,300
onnx/TinyYOLO.onnx,vnnlib/TinyYOLO_prop_000377_eps_1_255.vnnlib,300
onnx/TinyYOLO.onnx,vnnlib/TinyYOLO_prop_000217_eps_1_255.vnnlib,300
onnx/TinyYOLO.onnx,vnnlib/TinyYOLO_prop_000409_eps_1_255.vnnlib,300
onnx/TinyYOLO.onnx,vnnlib/TinyYOLO_prop_000349_eps_1_255.vnnlib,300
onnx/TinyYOLO.onnx,vnnlib/TinyYOLO_prop_000305_eps_1_255.vnnlib,300
onnx/TinyYOLO.onnx,vnnlib/TinyYOLO_prop_000376_eps_1_255.vnnlib,300
onnx/TinyYOLO.onnx,vnnlib/TinyYOLO_prop_000079_eps_1_255.vnnlib,300
onnx/TinyYOLO.onnx,vnnlib/TinyYOLO_prop_000134_eps_1_255.vnnlib,300
onnx/TinyYOLO.onnx,vnnlib/TinyYOLO_prop_000073_eps_1_255.vnnlib,300
onnx/TinyYOLO.onnx,vnnlib/TinyYOLO_prop_000237_eps_1_255.vnnlib,300
onnx/TinyYOLO.onnx,vnnlib/TinyYOLO_prop_000445_eps_1_255.vnnlib,300
onnx/TinyYOLO.onnx,vnnlib/TinyYOLO_prop_000113_eps_1_255.vnnlib,300
onnx/TinyYOLO.onnx,vnnlib/TinyYOLO_prop_000035_eps_1_255.vnnlib,300
onnx/TinyYOLO.onnx,vnnlib/TinyYOLO_prop_000435_eps_1_255.vnnlib,300
onnx/TinyYOLO.onnx,vnnlib/TinyYOLO_prop_000412_eps_1_255.vnnlib,300
onnx/TinyYOLO.onnx,vnnlib/TinyYOLO_prop_000442_eps_1_255.vnnlib,300
onnx/TinyYOLO.onnx,vnnlib/TinyYOLO_prop_000236_eps_1_255.vnnlib,300
onnx/TinyYOLO.onnx,vnnlib/TinyYOLO_prop_000348_eps_1_255.vnnlib,300
onnx/TinyYOLO.onnx,vnnlib/TinyYOLO_prop_000003_eps_1_255.vnnlib,300
onnx/TinyYOLO.onnx,vnnlib/TinyYOLO_prop_000372_eps_1_255.vnnlib,300
onnx/TinyYOLO.onnx,vnnlib/TinyYOLO_prop_000027_eps_1_255.vnnlib,300
onnx/TinyYOLO.onnx,vnnlib/TinyYOLO_prop_000329_eps_1_255.vnnlib,300
onnx/TinyYOLO.onnx,vnnlib/TinyYOLO_prop_000067_eps_1_255.vnnlib,300
onnx/TinyYOLO.onnx,vnnlib/TinyYOLO_prop_000290_eps_1_255.vnnlib,300
onnx/TinyYOLO.onnx,vnnlib/TinyYOLO_prop_000103_eps_1_255.vnnlib,300
onnx/TinyYOLO.onnx,vnnlib/TinyYOLO_prop_000168_eps_1_255.vnnlib,300
onnx/TinyYOLO.onnx,vnnlib/TinyYOLO_prop_000009_eps_1_255.vnnlib,300
onnx/TinyYOLO.onnx,vnnlib/TinyYOLO_prop_000404_eps_1_255.vnnlib,300
onnx/TinyYOLO.onnx,vnnlib/TinyYOLO_prop_000295_eps_1_255.vnnlib,300
onnx/TinyYOLO.onnx,vnnlib/TinyYOLO_prop_000187_eps_1_255.vnnlib,300
onnx/TinyYOLO.onnx,vnnlib/TinyYOLO_prop_000303_eps_1_255.vnnlib,300
onnx/TinyYOLO.onnx,vnnlib/TinyYOLO_prop_000410_eps_1_255.vnnlib,300
onnx/TinyYOLO.onnx,vnnlib/TinyYOLO_prop_000320_eps_1_255.vnnlib,300
onnx/TinyYOLO.onnx,vnnlib/TinyYOLO_prop_000315_eps_1_255.vnnlib,300
onnx/TinyYOLO.onnx,vnnlib/TinyYOLO_prop_000057_eps_1_255.vnnlib,300
onnx/TinyYOLO.onnx,vnnlib/TinyYOLO_prop_000427_eps_1_255.vnnlib,300
onnx/TinyYOLO.onnx,vnnlib/TinyYOLO_prop_000017_eps_1_255.vnnlib,300
onnx/TinyYOLO.onnx,vnnlib/TinyYOLO_prop_000190_eps_1_255.vnnlib,300
onnx/TinyYOLO.onnx,vnnlib/TinyYOLO_prop_000021_eps_1_255.vnnlib,300
onnx/TinyYOLO.onnx,vnnlib/TinyYOLO_prop_000078_eps_1_255.vnnlib,300
onnx/TinyYOLO.onnx,vnnlib/TinyYOLO_prop_000140_eps_1_255.vnnlib,300
onnx/TinyYOLO.onnx,vnnlib/TinyYOLO_prop_000368_eps_1_255.vnnlib,300
onnx/TinyYOLO.onnx,vnnlib/TinyYOLO_prop_000093_eps_1_255.vnnlib,300
onnx/TinyYOLO.onnx,vnnlib/TinyYOLO_prop_000256_eps_1_255.vnnlib,300
onnx/TinyYOLO.onnx,vnnlib/TinyYOLO_prop_000370_eps_1_255.vnnlib,300
onnx/TinyYOLO.onnx,vnnlib/TinyYOLO_prop_000128_eps_1_255.vnnlib,300
onnx/TinyYOLO.onnx,vnnlib/TinyYOLO_prop_000440_eps_1_255.vnnlib,300
onnx/TinyYOLO.onnx,vnnlib/TinyYOLO_prop_000183_eps_1_255.vnnlib,300
