./onnx/mnist_concat.onnx,./vnnlib/index2904_delta0.13.vnnlib,300
./onnx/mnist_concat.onnx,./vnnlib/index4390_delta0.13.vnnlib,300
./onnx/mnist_concat.onnx,./vnnlib/index8883_delta0.13.vnnlib,300
./onnx/mnist_concat.onnx,./vnnlib/index8142_delta0.13.vnnlib,300
./onnx/mnist_concat.onnx,./vnnlib/index2184_delta0.13.vnnlib,300
./onnx/mnist_concat.onnx,./vnnlib/index5197_delta0.13.vnnlib,300
./onnx/mnist_concat.onnx,./vnnlib/index969_delta0.13.vnnlib,300
./onnx/mnist_concat.onnx,./vnnlib/index3548_delta0.13.vnnlib,300
./onnx/mnist_concat.onnx,./vnnlib/index5778_delta0.13.vnnlib,300
./onnx/mnist_concat.onnx,./vnnlib/index2523_delta0.13.vnnlib,300
./onnx/mnist_concat.onnx,./vnnlib/index9147_delta0.13.vnnlib,300
./onnx/mnist_concat.onnx,./vnnlib/index1332_delta0.13.vnnlib,300
./onnx/mnist_concat.onnx,./vnnlib/index8831_delta0.13.vnnlib,300
./onnx/mnist_concat.onnx,./vnnlib/index4302_delta0.13.vnnlib,300
./onnx/mnist_concat.onnx,./vnnlib/index838_delta0.13.vnnlib,300
./onnx/mnist_concat.onnx,./vnnlib/index7475_delta0.13.vnnlib,300
./onnx/mnist_concat.onnx,./vnnlib/index3774_delta0.13.vnnlib,300
./onnx/mnist_concat.onnx,./vnnlib/index6667_delta0.13.vnnlib,300
./onnx/mnist_concat.onnx,./vnnlib/index398_delta0.13.vnnlib,300
./onnx/mnist_concat.onnx,./vnnlib/index3400_delta0.13.vnnlib,300
./onnx/mnist_concat.onnx,./vnnlib/index5396_delta0.13.vnnlib,300
./onnx/mnist_concat.onnx,./vnnlib/index1574_delta0.13.vnnlib,300
./onnx/mnist_concat.onnx,./vnnlib/index6292_delta0.13.vnnlib,300
./onnx/mnist_concat.onnx,./vnnlib/index9903_delta0.13.vnnlib,300
./onnx/mnist_concat.onnx,./vnnlib/index2497_delta0.13.vnnlib,300
./onnx/mnist_concat.onnx,./vnnlib/index7821_delta0.13.vnnlib,300
./onnx/mnist_concat.onnx,./vnnlib/index5270_delta0.13.vnnlib,300
./onnx/mnist_concat.onnx,./vnnlib/index1053_delta0.13.vnnlib,300
./onnx/mnist_concat.onnx,./vnnlib/index7861_delta0.13.vnnlib,300
./onnx/mnist_concat.onnx,./vnnlib/index3044_delta0.13.vnnlib,300
./onnx/mnist_concat.onnx,./vnnlib/index7472_delta0.13.vnnlib,300
./onnx/mnist_concat.onnx,./vnnlib/index136_delta0.13.vnnlib,300
./onnx/mnist_concat.onnx,./vnnlib/index7947_delta0.13.vnnlib,300
./onnx/mnist_concat.onnx,./vnnlib/index8810_delta0.13.vnnlib,300
./onnx/mnist_concat.onnx,./vnnlib/index4089_delta0.13.vnnlib,300
./onnx/mnist_concat.onnx,./vnnlib/index3006_delta0.13.vnnlib,300
./onnx/mnist_concat.onnx,./vnnlib/index3321_delta0.13.vnnlib,300
./onnx/mnist_concat.onnx,./vnnlib/index5483_delta0.13.vnnlib,300
./onnx/mnist_concat.onnx,./vnnlib/index3607_delta0.13.vnnlib,300
./onnx/mnist_concat.onnx,./vnnlib/index7705_delta0.13.vnnlib,300
./onnx/mnist_concat.onnx,./vnnlib/index4659_delta0.13.vnnlib,300
./onnx/mnist_concat.onnx,./vnnlib/index6989_delta0.13.vnnlib,300
./onnx/mnist_concat.onnx,./vnnlib/index8721_delta0.13.vnnlib,300
./onnx/mnist_concat.onnx,./vnnlib/index4403_delta0.13.vnnlib,300
./onnx/mnist_concat.onnx,./vnnlib/index3837_delta0.13.vnnlib,300
./onnx/mnist_concat.onnx,./vnnlib/index7963_delta0.13.vnnlib,300
./onnx/mnist_concat.onnx,./vnnlib/index9041_delta0.13.vnnlib,300
./onnx/mnist_concat.onnx,./vnnlib/index2998_delta0.13.vnnlib,300
./onnx/mnist_concat.onnx,./vnnlib/index7393_delta0.13.vnnlib,300
./onnx/mnist_concat.onnx,./vnnlib/index3822_delta0.13.vnnlib,300
./onnx/mnist_concat.onnx,./vnnlib/index9094_delta0.13.vnnlib,300
./onnx/mnist_concat.onnx,./vnnlib/index7137_delta0.13.vnnlib,300
./onnx/mnist_concat.onnx,./vnnlib/index8879_delta0.13.vnnlib,300
./onnx/mnist_concat.onnx,./vnnlib/index6230_delta0.13.vnnlib,300
./onnx/mnist_concat.onnx,./vnnlib/index5150_delta0.13.vnnlib,300
./onnx/mnist_concat.onnx,./vnnlib/index9847_delta0.13.vnnlib,300
./onnx/mnist_concat.onnx,./vnnlib/index9973_delta0.13.vnnlib,300
./onnx/mnist_concat.onnx,./vnnlib/index5054_delta0.13.vnnlib,300
./onnx/mnist_concat.onnx,./vnnlib/index3082_delta0.13.vnnlib,300
./onnx/mnist_concat.onnx,./vnnlib/index7169_delta0.13.vnnlib,300
./onnx/mnist_concat.onnx,./vnnlib/index1949_delta0.13.vnnlib,300
./onnx/mnist_concat.onnx,./vnnlib/index6982_delta0.13.vnnlib,300
./onnx/mnist_concat.onnx,./vnnlib/index9080_delta0.13.vnnlib,300
./onnx/mnist_concat.onnx,./vnnlib/index2734_delta0.13.vnnlib,300
./onnx/mnist_concat.onnx,./vnnlib/index5944_delta0.13.vnnlib,300
./onnx/mnist_concat.onnx,./vnnlib/index709_delta0.13.vnnlib,300
./onnx/mnist_concat.onnx,./vnnlib/index1908_delta0.13.vnnlib,300
./onnx/mnist_concat.onnx,./vnnlib/index9806_delta0.13.vnnlib,300
./onnx/mnist_concat.onnx,./vnnlib/index3343_delta0.13.vnnlib,300
./onnx/mnist_concat.onnx,./vnnlib/index5146_delta0.13.vnnlib,300
./onnx/mnist_concat.onnx,./vnnlib/index4347_delta0.13.vnnlib,300
./onnx/mnist_concat.onnx,./vnnlib/index7144_delta0.13.vnnlib,300
