onnx/ruarobot/perturbations_0.onnx,vnnlib/ruarobot/hyperrectangle_257.vnnlib,20
onnx/medical/perturbations_0.onnx,vnnlib/medical/hyperrectangle_355.vnnlib,20
onnx/medical/perturbations_0.onnx,vnnlib/medical/hyperrectangle_557.vnnlib,20
onnx/medical/perturbations_0.onnx,vnnlib/medical/hyperrectangle_265.vnnlib,20
onnx/ruarobot/perturbations_0.onnx,vnnlib/ruarobot/hyperrectangle_6763.vnnlib,20
onnx/ruarobot/perturbations_0.onnx,vnnlib/ruarobot/hyperrectangle_118.vnnlib,20
onnx/ruarobot/perturbations_0.onnx,vnnlib/ruarobot/hyperrectangle_3732.vnnlib,20
onnx/ruarobot/perturbations_0.onnx,vnnlib/ruarobot/hyperrectangle_4400.vnnlib,20
onnx/ruarobot/perturbations_0.onnx,vnnlib/ruarobot/hyperrectangle_3561.vnnlib,20
onnx/ruarobot/perturbations_0.onnx,vnnlib/ruarobot/hyperrectangle_6550.vnnlib,20
onnx/ruarobot/perturbations_0.onnx,vnnlib/ruarobot/hyperrectangle_2722.vnnlib,20
onnx/ruarobot/perturbations_0.onnx,vnnlib/ruarobot/hyperrectangle_7164.vnnlib,20
onnx/ruarobot/perturbations_0.onnx,vnnlib/ruarobot/hyperrectangle_1868.vnnlib,20
onnx/ruarobot/perturbations_0.onnx,vnnlib/ruarobot/hyperrectangle_5619.vnnlib,20
onnx/ruarobot/perturbations_0.onnx,vnnlib/ruarobot/hyperrectangle_3222.vnnlib,20
onnx/ruarobot/perturbations_0.onnx,vnnlib/ruarobot/hyperrectangle_7432.vnnlib,20
onnx/ruarobot/perturbations_0.onnx,vnnlib/ruarobot/hyperrectangle_4617.vnnlib,20
onnx/ruarobot/perturbations_0.onnx,vnnlib/ruarobot/hyperrectangle_2491.vnnlib,20
onnx/medical/perturbations_0.onnx,vnnlib/medical/hyperrectangle_2678.vnnlib,20
onnx/medical/perturbations_0.onnx,vnnlib/medical/hyperrectangle_2532.vnnlib,20
onnx/medical/perturbations_0.onnx,vnnlib/medical/hyperrectangle_2752.vnnlib,20
onnx/ruarobot/perturbations_0.onnx,vnnlib/ruarobot/hyperrectangle_6181.vnnlib,20
onnx/medical/perturbations_0.onnx,vnnlib/medical/hyperrectangle_2512.vnnlib,20
onnx/ruarobot/perturbations_0.onnx,vnnlib/ruarobot/hyperrectangle_703.vnnlib,20
onnx/ruarobot/perturbations_0.onnx,vnnlib/ruarobot/hyperrectangle_1877.vnnlib,20
onnx/ruarobot/perturbations_0.onnx,vnnlib/ruarobot/hyperrectangle_440.vnnlib,20
onnx/ruarobot/perturbations_0.onnx,vnnlib/ruarobot/hyperrectangle_4938.vnnlib,20
onnx/medical/perturbations_0.onnx,vnnlib/medical/hyperrectangle_2147.vnnlib,20
onnx/ruarobot/perturbations_0.onnx,vnnlib/ruarobot/hyperrectangle_2999.vnnlib,20
onnx/ruarobot/perturbations_0.onnx,vnnlib/ruarobot/hyperrectangle_2982.vnnlib,20
onnx/ruarobot/perturbations_0.onnx,vnnlib/ruarobot/hyperrectangle_4779.vnnlib,20
onnx/ruarobot/perturbations_0.onnx,vnnlib/ruarobot/hyperrectangle_3826.vnnlib,20
onnx/ruarobot/perturbations_0.onnx,vnnlib/ruarobot/hyperrectangle_6603.vnnlib,20
onnx/ruarobot/perturbations_0.onnx,vnnlib/ruarobot/hyperrectangle_6463.vnnlib,20
onnx/ruarobot/perturbations_0.onnx,vnnlib/ruarobot/hyperrectangle_7577.vnnlib,20
onnx/ruarobot/perturbations_0.onnx,vnnlib/ruarobot/hyperrectangle_6251.vnnlib,20
onnx/ruarobot/perturbations_0.onnx,vnnlib/ruarobot/hyperrectangle_3787.vnnlib,20
onnx/ruarobot/perturbations_0.onnx,vnnlib/ruarobot/hyperrectangle_3400.vnnlib,20
onnx/ruarobot/perturbations_0.onnx,vnnlib/ruarobot/hyperrectangle_6580.vnnlib,20
onnx/ruarobot/perturbations_0.onnx,vnnlib/ruarobot/hyperrectangle_3758.vnnlib,20
onnx/ruarobot/perturbations_0.onnx,vnnlib/ruarobot/hyperrectangle_1023.vnnlib,20
onnx/ruarobot/perturbations_0.onnx,vnnlib/ruarobot/hyperrectangle_7477.vnnlib,20
onnx/medical/perturbations_0.onnx,vnnlib/medical/hyperrectangle_963.vnnlib,20
onnx/medical/perturbations_0.onnx,vnnlib/medical/hyperrectangle_2504.vnnlib,20
onnx/ruarobot/perturbations_0.onnx,vnnlib/ruarobot/hyperrectangle_7843.vnnlib,20
onnx/ruarobot/perturbations_0.onnx,vnnlib/ruarobot/hyperrectangle_7245.vnnlib,20
onnx/ruarobot/perturbations_0.onnx,vnnlib/ruarobot/hyperrectangle_3030.vnnlib,20
onnx/ruarobot/perturbations_0.onnx,vnnlib/ruarobot/hyperrectangle_1523.vnnlib,20
onnx/ruarobot/perturbations_0.onnx,vnnlib/ruarobot/hyperrectangle_4339.vnnlib,20
onnx/ruarobot/perturbations_0.onnx,vnnlib/ruarobot/hyperrectangle_3282.vnnlib,20
onnx/ruarobot/perturbations_0.onnx,vnnlib/ruarobot/hyperrectangle_1265.vnnlib,20
onnx/ruarobot/perturbations_0.onnx,vnnlib/ruarobot/hyperrectangle_2268.vnnlib,20
onnx/ruarobot/perturbations_0.onnx,vnnlib/ruarobot/hyperrectangle_4128.vnnlib,20
onnx/ruarobot/perturbations_0.onnx,vnnlib/ruarobot/hyperrectangle_6563.vnnlib,20
onnx/ruarobot/perturbations_0.onnx,vnnlib/ruarobot/hyperrectangle_3805.vnnlib,20
onnx/ruarobot/perturbations_0.onnx,vnnlib/ruarobot/hyperrectangle_5356.vnnlib,20
onnx/ruarobot/perturbations_0.onnx,vnnlib/ruarobot/hyperrectangle_280.vnnlib,20
onnx/ruarobot/perturbations_0.onnx,vnnlib/ruarobot/hyperrectangle_4010.vnnlib,20
onnx/ruarobot/perturbations_0.onnx,vnnlib/ruarobot/hyperrectangle_5677.vnnlib,20
onnx/ruarobot/perturbations_0.onnx,vnnlib/ruarobot/hyperrectangle_7032.vnnlib,20
onnx/ruarobot/perturbations_0.onnx,vnnlib/ruarobot/hyperrectangle_2900.vnnlib,20
onnx/ruarobot/perturbations_0.onnx,vnnlib/ruarobot/hyperrectangle_6784.vnnlib,20
onnx/ruarobot/perturbations_0.onnx,vnnlib/ruarobot/hyperrectangle_5236.vnnlib,20
onnx/medical/perturbations_0.onnx,vnnlib/medical/hyperrectangle_585.vnnlib,20
onnx/ruarobot/perturbations_0.onnx,vnnlib/ruarobot/hyperrectangle_3507.vnnlib,20
onnx/medical/perturbations_0.onnx,vnnlib/medical/hyperrectangle_134.vnnlib,20
onnx/ruarobot/perturbations_0.onnx,vnnlib/ruarobot/hyperrectangle_1079.vnnlib,20
onnx/ruarobot/perturbations_0.onnx,vnnlib/ruarobot/hyperrectangle_7490.vnnlib,20
onnx/medical/perturbations_0.onnx,vnnlib/medical/hyperrectangle_576.vnnlib,20
onnx/ruarobot/perturbations_0.onnx,vnnlib/ruarobot/hyperrectangle_4032.vnnlib,20
onnx/medical/perturbations_0.onnx,vnnlib/medical/hyperrectangle_1698.vnnlib,20
onnx/ruarobot/perturbations_0.onnx,vnnlib/ruarobot/hyperrectangle_2334.vnnlib,20
onnx/medical/perturbations_0.onnx,vnnlib/medical/hyperrectangle_379.vnnlib,20
onnx/ruarobot/perturbations_0.onnx,vnnlib/ruarobot/hyperrectangle_1157.vnnlib,20
onnx/ruarobot/perturbations_0.onnx,vnnlib/ruarobot/hyperrectangle_5542.vnnlib,20
onnx/ruarobot/perturbations_0.onnx,vnnlib/ruarobot/hyperrectangle_3183.vnnlib,20
onnx/ruarobot/perturbations_0.onnx,vnnlib/ruarobot/hyperrectangle_6755.vnnlib,20
onnx/medical/perturbations_0.onnx,vnnlib/medical/hyperrectangle_1237.vnnlib,20
onnx/ruarobot/perturbations_0.onnx,vnnlib/ruarobot/hyperrectangle_5995.vnnlib,20
onnx/medical/perturbations_0.onnx,vnnlib/medical/hyperrectangle_2303.vnnlib,20
onnx/ruarobot/perturbations_0.onnx,vnnlib/ruarobot/hyperrectangle_1551.vnnlib,20
onnx/ruarobot/perturbations_0.onnx,vnnlib/ruarobot/hyperrectangle_332.vnnlib,20
onnx/ruarobot/perturbations_0.onnx,vnnlib/ruarobot/hyperrectangle_6877.vnnlib,20
onnx/ruarobot/perturbations_0.onnx,vnnlib/ruarobot/hyperrectangle_6748.vnnlib,20
onnx/ruarobot/perturbations_0.onnx,vnnlib/ruarobot/hyperrectangle_5682.vnnlib,20
onnx/ruarobot/perturbations_0.onnx,vnnlib/ruarobot/hyperrectangle_5841.vnnlib,20
onnx/medical/perturbations_0.onnx,vnnlib/medical/hyperrectangle_444.vnnlib,20
onnx/medical/perturbations_0.onnx,vnnlib/medical/hyperrectangle_94.vnnlib,20
onnx/medical/perturbations_0.onnx,vnnlib/medical/hyperrectangle_394.vnnlib,20
onnx/ruarobot/perturbations_0.onnx,vnnlib/ruarobot/hyperrectangle_2370.vnnlib,20
onnx/medical/perturbations_0.onnx,vnnlib/medical/hyperrectangle_478.vnnlib,20
onnx/medical/perturbations_0.onnx,vnnlib/medical/hyperrectangle_854.vnnlib,20
onnx/medical/perturbations_0.onnx,vnnlib/medical/hyperrectangle_1739.vnnlib,20
onnx/ruarobot/perturbations_0.onnx,vnnlib/ruarobot/hyperrectangle_3251.vnnlib,20
onnx/ruarobot/perturbations_0.onnx,vnnlib/ruarobot/hyperrectangle_2467.vnnlib,20
onnx/medical/perturbations_0.onnx,vnnlib/medical/hyperrectangle_2027.vnnlib,20
onnx/ruarobot/perturbations_0.onnx,vnnlib/ruarobot/hyperrectangle_5270.vnnlib,20
onnx/medical/perturbations_0.onnx,vnnlib/medical/hyperrectangle_1246.vnnlib,20
onnx/ruarobot/perturbations_0.onnx,vnnlib/ruarobot/hyperrectangle_5278.vnnlib,20
onnx/ruarobot/perturbations_0.onnx,vnnlib/ruarobot/hyperrectangle_6509.vnnlib,20
onnx/ruarobot/perturbations_0.onnx,vnnlib/ruarobot/hyperrectangle_2602.vnnlib,20
onnx/ruarobot/perturbations_0.onnx,vnnlib/ruarobot/hyperrectangle_5745.vnnlib,20
onnx/ruarobot/perturbations_0.onnx,vnnlib/ruarobot/hyperrectangle_1220.vnnlib,20
onnx/ruarobot/perturbations_0.onnx,vnnlib/ruarobot/hyperrectangle_1174.vnnlib,20
onnx/medical/perturbations_0.onnx,vnnlib/medical/hyperrectangle_2205.vnnlib,20
onnx/ruarobot/perturbations_0.onnx,vnnlib/ruarobot/hyperrectangle_2561.vnnlib,20
onnx/ruarobot/perturbations_0.onnx,vnnlib/ruarobot/hyperrectangle_773.vnnlib,20
onnx/ruarobot/perturbations_0.onnx,vnnlib/ruarobot/hyperrectangle_3574.vnnlib,20
onnx/medical/perturbations_0.onnx,vnnlib/medical/hyperrectangle_57.vnnlib,20
onnx/ruarobot/perturbations_0.onnx,vnnlib/ruarobot/hyperrectangle_4840.vnnlib,20
onnx/medical/perturbations_0.onnx,vnnlib/medical/hyperrectangle_2005.vnnlib,20
onnx/ruarobot/perturbations_0.onnx,vnnlib/ruarobot/hyperrectangle_468.vnnlib,20
onnx/medical/perturbations_0.onnx,vnnlib/medical/hyperrectangle_400.vnnlib,20
onnx/medical/perturbations_0.onnx,vnnlib/medical/hyperrectangle_1243.vnnlib,20
onnx/ruarobot/perturbations_0.onnx,vnnlib/ruarobot/hyperrectangle_7335.vnnlib,20
onnx/medical/perturbations_0.onnx,vnnlib/medical/hyperrectangle_373.vnnlib,20
onnx/medical/perturbations_0.onnx,vnnlib/medical/hyperrectangle_1988.vnnlib,20
onnx/ruarobot/perturbations_0.onnx,vnnlib/ruarobot/hyperrectangle_6099.vnnlib,20
onnx/ruarobot/perturbations_0.onnx,vnnlib/ruarobot/hyperrectangle_3359.vnnlib,20
onnx/medical/perturbations_0.onnx,vnnlib/medical/hyperrectangle_2397.vnnlib,20
onnx/ruarobot/perturbations_0.onnx,vnnlib/ruarobot/hyperrectangle_4743.vnnlib,20
onnx/ruarobot/perturbations_0.onnx,vnnlib/ruarobot/hyperrectangle_2213.vnnlib,20
onnx/medical/perturbations_0.onnx,vnnlib/medical/hyperrectangle_1865.vnnlib,20
onnx/medical/perturbations_0.onnx,vnnlib/medical/hyperrectangle_1250.vnnlib,20
onnx/medical/perturbations_0.onnx,vnnlib/medical/hyperrectangle_462.vnnlib,20
onnx/ruarobot/perturbations_0.onnx,vnnlib/ruarobot/hyperrectangle_1670.vnnlib,20
onnx/medical/perturbations_0.onnx,vnnlib/medical/hyperrectangle_78.vnnlib,20
onnx/ruarobot/perturbations_0.onnx,vnnlib/ruarobot/hyperrectangle_4985.vnnlib,20
onnx/ruarobot/perturbations_0.onnx,vnnlib/ruarobot/hyperrectangle_5258.vnnlib,20
onnx/ruarobot/perturbations_0.onnx,vnnlib/ruarobot/hyperrectangle_2500.vnnlib,20
onnx/ruarobot/perturbations_0.onnx,vnnlib/ruarobot/hyperrectangle_6887.vnnlib,20
onnx/ruarobot/perturbations_0.onnx,vnnlib/ruarobot/hyperrectangle_1337.vnnlib,20
onnx/ruarobot/perturbations_0.onnx,vnnlib/ruarobot/hyperrectangle_7652.vnnlib,20
onnx/ruarobot/perturbations_0.onnx,vnnlib/ruarobot/hyperrectangle_4742.vnnlib,20
onnx/ruarobot/perturbations_0.onnx,vnnlib/ruarobot/hyperrectangle_204.vnnlib,20
onnx/ruarobot/perturbations_0.onnx,vnnlib/ruarobot/hyperrectangle_1101.vnnlib,20
onnx/ruarobot/perturbations_0.onnx,vnnlib/ruarobot/hyperrectangle_3672.vnnlib,20
onnx/ruarobot/perturbations_0.onnx,vnnlib/ruarobot/hyperrectangle_1594.vnnlib,20
onnx/ruarobot/perturbations_0.onnx,vnnlib/ruarobot/hyperrectangle_2234.vnnlib,20
onnx/ruarobot/perturbations_0.onnx,vnnlib/ruarobot/hyperrectangle_3303.vnnlib,20
onnx/medical/perturbations_0.onnx,vnnlib/medical/hyperrectangle_2496.vnnlib,20
onnx/ruarobot/perturbations_0.onnx,vnnlib/ruarobot/hyperrectangle_7902.vnnlib,20
onnx/medical/perturbations_0.onnx,vnnlib/medical/hyperrectangle_790.vnnlib,20
onnx/ruarobot/perturbations_0.onnx,vnnlib/ruarobot/hyperrectangle_6109.vnnlib,20
onnx/ruarobot/perturbations_0.onnx,vnnlib/ruarobot/hyperrectangle_7247.vnnlib,20
onnx/ruarobot/perturbations_0.onnx,vnnlib/ruarobot/hyperrectangle_5249.vnnlib,20
onnx/ruarobot/perturbations_0.onnx,vnnlib/ruarobot/hyperrectangle_7645.vnnlib,20
onnx/ruarobot/perturbations_0.onnx,vnnlib/ruarobot/hyperrectangle_1006.vnnlib,20
onnx/ruarobot/perturbations_0.onnx,vnnlib/ruarobot/hyperrectangle_685.vnnlib,20
onnx/ruarobot/perturbations_0.onnx,vnnlib/ruarobot/hyperrectangle_7020.vnnlib,20
onnx/medical/perturbations_0.onnx,vnnlib/medical/hyperrectangle_1013.vnnlib,20
onnx/ruarobot/perturbations_0.onnx,vnnlib/ruarobot/hyperrectangle_2472.vnnlib,20
onnx/ruarobot/perturbations_0.onnx,vnnlib/ruarobot/hyperrectangle_3710.vnnlib,20
onnx/ruarobot/perturbations_0.onnx,vnnlib/ruarobot/hyperrectangle_1634.vnnlib,20
onnx/medical/perturbations_0.onnx,vnnlib/medical/hyperrectangle_351.vnnlib,20
onnx/medical/perturbations_0.onnx,vnnlib/medical/hyperrectangle_2467.vnnlib,20
onnx/ruarobot/perturbations_0.onnx,vnnlib/ruarobot/hyperrectangle_744.vnnlib,20
onnx/medical/perturbations_0.onnx,vnnlib/medical/hyperrectangle_2530.vnnlib,20
onnx/medical/perturbations_0.onnx,vnnlib/medical/hyperrectangle_2386.vnnlib,20
onnx/ruarobot/perturbations_0.onnx,vnnlib/ruarobot/hyperrectangle_4634.vnnlib,20
onnx/ruarobot/perturbations_0.onnx,vnnlib/ruarobot/hyperrectangle_1113.vnnlib,20
onnx/ruarobot/perturbations_0.onnx,vnnlib/ruarobot/hyperrectangle_5247.vnnlib,20
onnx/ruarobot/perturbations_0.onnx,vnnlib/ruarobot/hyperrectangle_3269.vnnlib,20
onnx/medical/perturbations_0.onnx,vnnlib/medical/hyperrectangle_2670.vnnlib,20
onnx/medical/perturbations_0.onnx,vnnlib/medical/hyperrectangle_2535.vnnlib,20
onnx/ruarobot/perturbations_0.onnx,vnnlib/ruarobot/hyperrectangle_6610.vnnlib,20
onnx/ruarobot/perturbations_0.onnx,vnnlib/ruarobot/hyperrectangle_993.vnnlib,20
onnx/ruarobot/perturbations_0.onnx,vnnlib/ruarobot/hyperrectangle_1297.vnnlib,20
onnx/medical/perturbations_0.onnx,vnnlib/medical/hyperrectangle_525.vnnlib,20
onnx/medical/perturbations_0.onnx,vnnlib/medical/hyperrectangle_584.vnnlib,20
onnx/ruarobot/perturbations_0.onnx,vnnlib/ruarobot/hyperrectangle_5040.vnnlib,20
onnx/ruarobot/perturbations_0.onnx,vnnlib/ruarobot/hyperrectangle_3943.vnnlib,20
onnx/ruarobot/perturbations_0.onnx,vnnlib/ruarobot/hyperrectangle_7243.vnnlib,20
onnx/ruarobot/perturbations_0.onnx,vnnlib/ruarobot/hyperrectangle_2873.vnnlib,20
onnx/medical/perturbations_0.onnx,vnnlib/medical/hyperrectangle_2163.vnnlib,20
onnx/ruarobot/perturbations_0.onnx,vnnlib/ruarobot/hyperrectangle_7137.vnnlib,20
onnx/ruarobot/perturbations_0.onnx,vnnlib/ruarobot/hyperrectangle_449.vnnlib,20
onnx/ruarobot/perturbations_0.onnx,vnnlib/ruarobot/hyperrectangle_4065.vnnlib,20
onnx/ruarobot/perturbations_0.onnx,vnnlib/ruarobot/hyperrectangle_3144.vnnlib,20
onnx/medical/perturbations_0.onnx,vnnlib/medical/hyperrectangle_2053.vnnlib,20
onnx/medical/perturbations_0.onnx,vnnlib/medical/hyperrectangle_2731.vnnlib,20
onnx/medical/perturbations_0.onnx,vnnlib/medical/hyperrectangle_1222.vnnlib,20
onnx/ruarobot/perturbations_0.onnx,vnnlib/ruarobot/hyperrectangle_225.vnnlib,20
onnx/medical/perturbations_0.onnx,vnnlib/medical/hyperrectangle_132.vnnlib,20
onnx/ruarobot/perturbations_0.onnx,vnnlib/ruarobot/hyperrectangle_7623.vnnlib,20
onnx/medical/perturbations_0.onnx,vnnlib/medical/hyperrectangle_1098.vnnlib,20
onnx/ruarobot/perturbations_0.onnx,vnnlib/ruarobot/hyperrectangle_6223.vnnlib,20
onnx/ruarobot/perturbations_0.onnx,vnnlib/ruarobot/hyperrectangle_661.vnnlib,20
onnx/medical/perturbations_0.onnx,vnnlib/medical/hyperrectangle_1934.vnnlib,20
onnx/ruarobot/perturbations_0.onnx,vnnlib/ruarobot/hyperrectangle_4833.vnnlib,20
onnx/ruarobot/perturbations_0.onnx,vnnlib/ruarobot/hyperrectangle_926.vnnlib,20
onnx/ruarobot/perturbations_0.onnx,vnnlib/ruarobot/hyperrectangle_5472.vnnlib,20
onnx/ruarobot/perturbations_0.onnx,vnnlib/ruarobot/hyperrectangle_5044.vnnlib,20
onnx/ruarobot/perturbations_0.onnx,vnnlib/ruarobot/hyperrectangle_428.vnnlib,20
onnx/ruarobot/perturbations_0.onnx,vnnlib/ruarobot/hyperrectangle_5911.vnnlib,20
onnx/ruarobot/perturbations_0.onnx,vnnlib/ruarobot/hyperrectangle_4017.vnnlib,20
onnx/ruarobot/perturbations_0.onnx,vnnlib/ruarobot/hyperrectangle_3895.vnnlib,20
onnx/ruarobot/perturbations_0.onnx,vnnlib/ruarobot/hyperrectangle_3744.vnnlib,20
onnx/ruarobot/perturbations_0.onnx,vnnlib/ruarobot/hyperrectangle_1392.vnnlib,20
onnx/ruarobot/perturbations_0.onnx,vnnlib/ruarobot/hyperrectangle_1919.vnnlib,20
onnx/ruarobot/perturbations_0.onnx,vnnlib/ruarobot/hyperrectangle_7268.vnnlib,20
onnx/ruarobot/perturbations_0.onnx,vnnlib/ruarobot/hyperrectangle_6233.vnnlib,20
onnx/medical/perturbations_0.onnx,vnnlib/medical/hyperrectangle_232.vnnlib,20
onnx/ruarobot/perturbations_0.onnx,vnnlib/ruarobot/hyperrectangle_3112.vnnlib,20
onnx/medical/perturbations_0.onnx,vnnlib/medical/hyperrectangle_961.vnnlib,20
onnx/medical/perturbations_0.onnx,vnnlib/medical/hyperrectangle_2601.vnnlib,20
onnx/ruarobot/perturbations_0.onnx,vnnlib/ruarobot/hyperrectangle_6468.vnnlib,20
onnx/medical/perturbations_0.onnx,vnnlib/medical/hyperrectangle_374.vnnlib,20
onnx/medical/perturbations_0.onnx,vnnlib/medical/hyperrectangle_2519.vnnlib,20
onnx/medical/perturbations_0.onnx,vnnlib/medical/hyperrectangle_162.vnnlib,20
onnx/medical/perturbations_0.onnx,vnnlib/medical/hyperrectangle_2200.vnnlib,20
onnx/ruarobot/perturbations_0.onnx,vnnlib/ruarobot/hyperrectangle_7904.vnnlib,20
onnx/ruarobot/perturbations_0.onnx,vnnlib/ruarobot/hyperrectangle_2262.vnnlib,20
onnx/ruarobot/perturbations_0.onnx,vnnlib/ruarobot/hyperrectangle_3394.vnnlib,20
onnx/ruarobot/perturbations_0.onnx,vnnlib/ruarobot/hyperrectangle_375.vnnlib,20
onnx/medical/perturbations_0.onnx,vnnlib/medical/hyperrectangle_2707.vnnlib,20
onnx/ruarobot/perturbations_0.onnx,vnnlib/ruarobot/hyperrectangle_1196.vnnlib,20
onnx/ruarobot/perturbations_0.onnx,vnnlib/ruarobot/hyperrectangle_4601.vnnlib,20
onnx/medical/perturbations_0.onnx,vnnlib/medical/hyperrectangle_75.vnnlib,20
onnx/ruarobot/perturbations_0.onnx,vnnlib/ruarobot/hyperrectangle_2633.vnnlib,20
onnx/ruarobot/perturbations_0.onnx,vnnlib/ruarobot/hyperrectangle_3197.vnnlib,20
onnx/ruarobot/perturbations_0.onnx,vnnlib/ruarobot/hyperrectangle_5353.vnnlib,20
onnx/ruarobot/perturbations_0.onnx,vnnlib/ruarobot/hyperrectangle_6505.vnnlib,20
onnx/ruarobot/perturbations_0.onnx,vnnlib/ruarobot/hyperrectangle_1890.vnnlib,20
onnx/ruarobot/perturbations_0.onnx,vnnlib/ruarobot/hyperrectangle_5573.vnnlib,20
onnx/ruarobot/perturbations_0.onnx,vnnlib/ruarobot/hyperrectangle_1487.vnnlib,20
onnx/medical/perturbations_0.onnx,vnnlib/medical/hyperrectangle_1333.vnnlib,20
onnx/ruarobot/perturbations_0.onnx,vnnlib/ruarobot/hyperrectangle_4602.vnnlib,20
onnx/medical/perturbations_0.onnx,vnnlib/medical/hyperrectangle_1593.vnnlib,20
onnx/ruarobot/perturbations_0.onnx,vnnlib/ruarobot/hyperrectangle_1555.vnnlib,20
onnx/medical/perturbations_0.onnx,vnnlib/medical/hyperrectangle_1549.vnnlib,20
onnx/ruarobot/perturbations_0.onnx,vnnlib/ruarobot/hyperrectangle_7095.vnnlib,20
onnx/ruarobot/perturbations_0.onnx,vnnlib/ruarobot/hyperrectangle_6941.vnnlib,20
onnx/ruarobot/perturbations_0.onnx,vnnlib/ruarobot/hyperrectangle_6717.vnnlib,20
onnx/ruarobot/perturbations_0.onnx,vnnlib/ruarobot/hyperrectangle_4863.vnnlib,20
onnx/medical/perturbations_0.onnx,vnnlib/medical/hyperrectangle_2682.vnnlib,20
onnx/ruarobot/perturbations_0.onnx,vnnlib/ruarobot/hyperrectangle_4523.vnnlib,20
onnx/ruarobot/perturbations_0.onnx,vnnlib/ruarobot/hyperrectangle_4496.vnnlib,20
onnx/ruarobot/perturbations_0.onnx,vnnlib/ruarobot/hyperrectangle_2639.vnnlib,20
onnx/ruarobot/perturbations_0.onnx,vnnlib/ruarobot/hyperrectangle_5499.vnnlib,20
onnx/ruarobot/perturbations_0.onnx,vnnlib/ruarobot/hyperrectangle_895.vnnlib,20
onnx/ruarobot/perturbations_0.onnx,vnnlib/ruarobot/hyperrectangle_2227.vnnlib,20
onnx/medical/perturbations_0.onnx,vnnlib/medical/hyperrectangle_167.vnnlib,20
onnx/ruarobot/perturbations_0.onnx,vnnlib/ruarobot/hyperrectangle_2618.vnnlib,20
onnx/ruarobot/perturbations_0.onnx,vnnlib/ruarobot/hyperrectangle_1357.vnnlib,20
onnx/medical/perturbations_0.onnx,vnnlib/medical/hyperrectangle_965.vnnlib,20
onnx/ruarobot/perturbations_0.onnx,vnnlib/ruarobot/hyperrectangle_6022.vnnlib,20
onnx/ruarobot/perturbations_0.onnx,vnnlib/ruarobot/hyperrectangle_3516.vnnlib,20
onnx/medical/perturbations_0.onnx,vnnlib/medical/hyperrectangle_816.vnnlib,20
onnx/ruarobot/perturbations_0.onnx,vnnlib/ruarobot/hyperrectangle_162.vnnlib,20
onnx/ruarobot/perturbations_0.onnx,vnnlib/ruarobot/hyperrectangle_5704.vnnlib,20
onnx/medical/perturbations_0.onnx,vnnlib/medical/hyperrectangle_1112.vnnlib,20
onnx/medical/perturbations_0.onnx,vnnlib/medical/hyperrectangle_1679.vnnlib,20
onnx/ruarobot/perturbations_0.onnx,vnnlib/ruarobot/hyperrectangle_6262.vnnlib,20
onnx/medical/perturbations_0.onnx,vnnlib/medical/hyperrectangle_1147.vnnlib,20
onnx/medical/perturbations_0.onnx,vnnlib/medical/hyperrectangle_2065.vnnlib,20
onnx/ruarobot/perturbations_0.onnx,vnnlib/ruarobot/hyperrectangle_4635.vnnlib,20
onnx/ruarobot/perturbations_0.onnx,vnnlib/ruarobot/hyperrectangle_1804.vnnlib,20
onnx/ruarobot/perturbations_0.onnx,vnnlib/ruarobot/hyperrectangle_7527.vnnlib,20
onnx/ruarobot/perturbations_0.onnx,vnnlib/ruarobot/hyperrectangle_2758.vnnlib,20
onnx/ruarobot/perturbations_0.onnx,vnnlib/ruarobot/hyperrectangle_2717.vnnlib,20
onnx/ruarobot/perturbations_0.onnx,vnnlib/ruarobot/hyperrectangle_6785.vnnlib,20
onnx/ruarobot/perturbations_0.onnx,vnnlib/ruarobot/hyperrectangle_4476.vnnlib,20
onnx/medical/perturbations_0.onnx,vnnlib/medical/hyperrectangle_1231.vnnlib,20
onnx/medical/perturbations_0.onnx,vnnlib/medical/hyperrectangle_2660.vnnlib,20
onnx/ruarobot/perturbations_0.onnx,vnnlib/ruarobot/hyperrectangle_3926.vnnlib,20
onnx/medical/perturbations_0.onnx,vnnlib/medical/hyperrectangle_1102.vnnlib,20
onnx/ruarobot/perturbations_0.onnx,vnnlib/ruarobot/hyperrectangle_2767.vnnlib,20
onnx/ruarobot/perturbations_0.onnx,vnnlib/ruarobot/hyperrectangle_2453.vnnlib,20
onnx/ruarobot/perturbations_0.onnx,vnnlib/ruarobot/hyperrectangle_5349.vnnlib,20
onnx/medical/perturbations_0.onnx,vnnlib/medical/hyperrectangle_1073.vnnlib,20
onnx/ruarobot/perturbations_0.onnx,vnnlib/ruarobot/hyperrectangle_7609.vnnlib,20
onnx/ruarobot/perturbations_0.onnx,vnnlib/ruarobot/hyperrectangle_2548.vnnlib,20
onnx/medical/perturbations_0.onnx,vnnlib/medical/hyperrectangle_316.vnnlib,20
onnx/ruarobot/perturbations_0.onnx,vnnlib/ruarobot/hyperrectangle_3218.vnnlib,20
onnx/ruarobot/perturbations_0.onnx,vnnlib/ruarobot/hyperrectangle_2232.vnnlib,20
onnx/medical/perturbations_0.onnx,vnnlib/medical/hyperrectangle_2454.vnnlib,20
onnx/ruarobot/perturbations_0.onnx,vnnlib/ruarobot/hyperrectangle_4576.vnnlib,20
onnx/ruarobot/perturbations_0.onnx,vnnlib/ruarobot/hyperrectangle_896.vnnlib,20
onnx/ruarobot/perturbations_0.onnx,vnnlib/ruarobot/hyperrectangle_1795.vnnlib,20
onnx/ruarobot/perturbations_0.onnx,vnnlib/ruarobot/hyperrectangle_7762.vnnlib,20
onnx/ruarobot/perturbations_0.onnx,vnnlib/ruarobot/hyperrectangle_1526.vnnlib,20
onnx/ruarobot/perturbations_0.onnx,vnnlib/ruarobot/hyperrectangle_4168.vnnlib,20
onnx/ruarobot/perturbations_0.onnx,vnnlib/ruarobot/hyperrectangle_1959.vnnlib,20
onnx/medical/perturbations_0.onnx,vnnlib/medical/hyperrectangle_706.vnnlib,20
onnx/ruarobot/perturbations_0.onnx,vnnlib/ruarobot/hyperrectangle_98.vnnlib,20
onnx/ruarobot/perturbations_0.onnx,vnnlib/ruarobot/hyperrectangle_7882.vnnlib,20
onnx/ruarobot/perturbations_0.onnx,vnnlib/ruarobot/hyperrectangle_996.vnnlib,20
onnx/ruarobot/perturbations_0.onnx,vnnlib/ruarobot/hyperrectangle_7408.vnnlib,20
onnx/medical/perturbations_0.onnx,vnnlib/medical/hyperrectangle_1886.vnnlib,20
onnx/ruarobot/perturbations_0.onnx,vnnlib/ruarobot/hyperrectangle_5858.vnnlib,20
onnx/ruarobot/perturbations_0.onnx,vnnlib/ruarobot/hyperrectangle_3935.vnnlib,20
onnx/ruarobot/perturbations_0.onnx,vnnlib/ruarobot/hyperrectangle_406.vnnlib,20
onnx/ruarobot/perturbations_0.onnx,vnnlib/ruarobot/hyperrectangle_215.vnnlib,20
onnx/ruarobot/perturbations_0.onnx,vnnlib/ruarobot/hyperrectangle_186.vnnlib,20
onnx/ruarobot/perturbations_0.onnx,vnnlib/ruarobot/hyperrectangle_4212.vnnlib,20
onnx/ruarobot/perturbations_0.onnx,vnnlib/ruarobot/hyperrectangle_4183.vnnlib,20
onnx/ruarobot/perturbations_0.onnx,vnnlib/ruarobot/hyperrectangle_1.vnnlib,20
onnx/ruarobot/perturbations_0.onnx,vnnlib/ruarobot/hyperrectangle_1066.vnnlib,20
onnx/ruarobot/perturbations_0.onnx,vnnlib/ruarobot/hyperrectangle_1093.vnnlib,20
onnx/ruarobot/perturbations_0.onnx,vnnlib/ruarobot/hyperrectangle_451.vnnlib,20
onnx/medical/perturbations_0.onnx,vnnlib/medical/hyperrectangle_1815.vnnlib,20
onnx/medical/perturbations_0.onnx,vnnlib/medical/hyperrectangle_281.vnnlib,20
onnx/ruarobot/perturbations_0.onnx,vnnlib/ruarobot/hyperrectangle_4199.vnnlib,20
onnx/ruarobot/perturbations_0.onnx,vnnlib/ruarobot/hyperrectangle_5452.vnnlib,20
onnx/medical/perturbations_0.onnx,vnnlib/medical/hyperrectangle_1621.vnnlib,20
onnx/ruarobot/perturbations_0.onnx,vnnlib/ruarobot/hyperrectangle_4045.vnnlib,20
onnx/ruarobot/perturbations_0.onnx,vnnlib/ruarobot/hyperrectangle_4375.vnnlib,20
onnx/ruarobot/perturbations_0.onnx,vnnlib/ruarobot/hyperrectangle_1595.vnnlib,20
onnx/ruarobot/perturbations_0.onnx,vnnlib/ruarobot/hyperrectangle_3225.vnnlib,20
onnx/ruarobot/perturbations_0.onnx,vnnlib/ruarobot/hyperrectangle_2228.vnnlib,20
onnx/ruarobot/perturbations_0.onnx,vnnlib/ruarobot/hyperrectangle_596.vnnlib,20
onnx/medical/perturbations_0.onnx,vnnlib/medical/hyperrectangle_919.vnnlib,20
onnx/ruarobot/perturbations_0.onnx,vnnlib/ruarobot/hyperrectangle_925.vnnlib,20
onnx/ruarobot/perturbations_0.onnx,vnnlib/ruarobot/hyperrectangle_6660.vnnlib,20
onnx/ruarobot/perturbations_0.onnx,vnnlib/ruarobot/hyperrectangle_3241.vnnlib,20
onnx/ruarobot/perturbations_0.onnx,vnnlib/ruarobot/hyperrectangle_3361.vnnlib,20
onnx/medical/perturbations_0.onnx,vnnlib/medical/hyperrectangle_1115.vnnlib,20
onnx/medical/perturbations_0.onnx,vnnlib/medical/hyperrectangle_514.vnnlib,20
onnx/ruarobot/perturbations_0.onnx,vnnlib/ruarobot/hyperrectangle_6862.vnnlib,20
onnx/medical/perturbations_0.onnx,vnnlib/medical/hyperrectangle_2649.vnnlib,20
onnx/ruarobot/perturbations_0.onnx,vnnlib/ruarobot/hyperrectangle_7136.vnnlib,20
onnx/ruarobot/perturbations_0.onnx,vnnlib/ruarobot/hyperrectangle_5036.vnnlib,20
onnx/ruarobot/perturbations_0.onnx,vnnlib/ruarobot/hyperrectangle_5020.vnnlib,20
onnx/ruarobot/perturbations_0.onnx,vnnlib/ruarobot/hyperrectangle_5912.vnnlib,20
onnx/ruarobot/perturbations_0.onnx,vnnlib/ruarobot/hyperrectangle_6116.vnnlib,20
onnx/medical/perturbations_0.onnx,vnnlib/medical/hyperrectangle_1390.vnnlib,20
onnx/ruarobot/perturbations_0.onnx,vnnlib/ruarobot/hyperrectangle_2616.vnnlib,20
onnx/ruarobot/perturbations_0.onnx,vnnlib/ruarobot/hyperrectangle_2253.vnnlib,20
onnx/ruarobot/perturbations_0.onnx,vnnlib/ruarobot/hyperrectangle_1835.vnnlib,20
onnx/ruarobot/perturbations_0.onnx,vnnlib/ruarobot/hyperrectangle_5824.vnnlib,20
onnx/ruarobot/perturbations_0.onnx,vnnlib/ruarobot/hyperrectangle_91.vnnlib,20
onnx/ruarobot/perturbations_0.onnx,vnnlib/ruarobot/hyperrectangle_3872.vnnlib,20
onnx/ruarobot/perturbations_0.onnx,vnnlib/ruarobot/hyperrectangle_1058.vnnlib,20
onnx/ruarobot/perturbations_0.onnx,vnnlib/ruarobot/hyperrectangle_1362.vnnlib,20
onnx/ruarobot/perturbations_0.onnx,vnnlib/ruarobot/hyperrectangle_1333.vnnlib,20
onnx/ruarobot/perturbations_0.onnx,vnnlib/ruarobot/hyperrectangle_4811.vnnlib,20
onnx/medical/perturbations_0.onnx,vnnlib/medical/hyperrectangle_1299.vnnlib,20
onnx/medical/perturbations_0.onnx,vnnlib/medical/hyperrectangle_2710.vnnlib,20
onnx/medical/perturbations_0.onnx,vnnlib/medical/hyperrectangle_1875.vnnlib,20
onnx/ruarobot/perturbations_0.onnx,vnnlib/ruarobot/hyperrectangle_5285.vnnlib,20
onnx/medical/perturbations_0.onnx,vnnlib/medical/hyperrectangle_50.vnnlib,20
onnx/ruarobot/perturbations_0.onnx,vnnlib/ruarobot/hyperrectangle_1607.vnnlib,20
onnx/ruarobot/perturbations_0.onnx,vnnlib/ruarobot/hyperrectangle_3364.vnnlib,20
onnx/ruarobot/perturbations_0.onnx,vnnlib/ruarobot/hyperrectangle_2420.vnnlib,20
onnx/ruarobot/perturbations_0.onnx,vnnlib/ruarobot/hyperrectangle_1711.vnnlib,20
onnx/ruarobot/perturbations_0.onnx,vnnlib/ruarobot/hyperrectangle_3268.vnnlib,20
onnx/ruarobot/perturbations_0.onnx,vnnlib/ruarobot/hyperrectangle_2770.vnnlib,20
onnx/ruarobot/perturbations_0.onnx,vnnlib/ruarobot/hyperrectangle_4449.vnnlib,20
onnx/ruarobot/perturbations_0.onnx,vnnlib/ruarobot/hyperrectangle_5724.vnnlib,20
onnx/ruarobot/perturbations_0.onnx,vnnlib/ruarobot/hyperrectangle_5720.vnnlib,20
onnx/ruarobot/perturbations_0.onnx,vnnlib/ruarobot/hyperrectangle_3072.vnnlib,20
onnx/medical/perturbations_0.onnx,vnnlib/medical/hyperrectangle_1171.vnnlib,20
onnx/ruarobot/perturbations_0.onnx,vnnlib/ruarobot/hyperrectangle_6249.vnnlib,20
onnx/ruarobot/perturbations_0.onnx,vnnlib/ruarobot/hyperrectangle_963.vnnlib,20
onnx/medical/perturbations_0.onnx,vnnlib/medical/hyperrectangle_2773.vnnlib,20
onnx/medical/perturbations_0.onnx,vnnlib/medical/hyperrectangle_1486.vnnlib,20
onnx/ruarobot/perturbations_0.onnx,vnnlib/ruarobot/hyperrectangle_3088.vnnlib,20
onnx/ruarobot/perturbations_0.onnx,vnnlib/ruarobot/hyperrectangle_4415.vnnlib,20
onnx/ruarobot/perturbations_0.onnx,vnnlib/ruarobot/hyperrectangle_1887.vnnlib,20
onnx/medical/perturbations_0.onnx,vnnlib/medical/hyperrectangle_985.vnnlib,20
onnx/medical/perturbations_0.onnx,vnnlib/medical/hyperrectangle_1936.vnnlib,20
onnx/ruarobot/perturbations_0.onnx,vnnlib/ruarobot/hyperrectangle_159.vnnlib,20
onnx/ruarobot/perturbations_0.onnx,vnnlib/ruarobot/hyperrectangle_1598.vnnlib,20
onnx/medical/perturbations_0.onnx,vnnlib/medical/hyperrectangle_2085.vnnlib,20
onnx/ruarobot/perturbations_0.onnx,vnnlib/ruarobot/hyperrectangle_3147.vnnlib,20
onnx/medical/perturbations_0.onnx,vnnlib/medical/hyperrectangle_2452.vnnlib,20
onnx/ruarobot/perturbations_0.onnx,vnnlib/ruarobot/hyperrectangle_1904.vnnlib,20
onnx/ruarobot/perturbations_0.onnx,vnnlib/ruarobot/hyperrectangle_2943.vnnlib,20
onnx/medical/perturbations_0.onnx,vnnlib/medical/hyperrectangle_2347.vnnlib,20
onnx/ruarobot/perturbations_0.onnx,vnnlib/ruarobot/hyperrectangle_3855.vnnlib,20
onnx/ruarobot/perturbations_0.onnx,vnnlib/ruarobot/hyperrectangle_3417.vnnlib,20
onnx/ruarobot/perturbations_0.onnx,vnnlib/ruarobot/hyperrectangle_4255.vnnlib,20
onnx/medical/perturbations_0.onnx,vnnlib/medical/hyperrectangle_757.vnnlib,20
onnx/ruarobot/perturbations_0.onnx,vnnlib/ruarobot/hyperrectangle_5992.vnnlib,20
onnx/ruarobot/perturbations_0.onnx,vnnlib/ruarobot/hyperrectangle_2379.vnnlib,20
onnx/medical/perturbations_0.onnx,vnnlib/medical/hyperrectangle_310.vnnlib,20
onnx/ruarobot/perturbations_0.onnx,vnnlib/ruarobot/hyperrectangle_4345.vnnlib,20
onnx/ruarobot/perturbations_0.onnx,vnnlib/ruarobot/hyperrectangle_2145.vnnlib,20
onnx/ruarobot/perturbations_0.onnx,vnnlib/ruarobot/hyperrectangle_3509.vnnlib,20
onnx/ruarobot/perturbations_0.onnx,vnnlib/ruarobot/hyperrectangle_6209.vnnlib,20
onnx/ruarobot/perturbations_0.onnx,vnnlib/ruarobot/hyperrectangle_5820.vnnlib,20
onnx/ruarobot/perturbations_0.onnx,vnnlib/ruarobot/hyperrectangle_6541.vnnlib,20
onnx/medical/perturbations_0.onnx,vnnlib/medical/hyperrectangle_1055.vnnlib,20
onnx/ruarobot/perturbations_0.onnx,vnnlib/ruarobot/hyperrectangle_2557.vnnlib,20
onnx/medical/perturbations_0.onnx,vnnlib/medical/hyperrectangle_517.vnnlib,20
onnx/ruarobot/perturbations_0.onnx,vnnlib/ruarobot/hyperrectangle_2783.vnnlib,20
onnx/ruarobot/perturbations_0.onnx,vnnlib/ruarobot/hyperrectangle_6739.vnnlib,20
onnx/ruarobot/perturbations_0.onnx,vnnlib/ruarobot/hyperrectangle_7766.vnnlib,20
onnx/medical/perturbations_0.onnx,vnnlib/medical/hyperrectangle_1395.vnnlib,20
onnx/ruarobot/perturbations_0.onnx,vnnlib/ruarobot/hyperrectangle_3587.vnnlib,20
onnx/ruarobot/perturbations_0.onnx,vnnlib/ruarobot/hyperrectangle_3260.vnnlib,20
onnx/ruarobot/perturbations_0.onnx,vnnlib/ruarobot/hyperrectangle_1791.vnnlib,20
onnx/ruarobot/perturbations_0.onnx,vnnlib/ruarobot/hyperrectangle_3029.vnnlib,20
onnx/ruarobot/perturbations_0.onnx,vnnlib/ruarobot/hyperrectangle_7241.vnnlib,20
onnx/medical/perturbations_0.onnx,vnnlib/medical/hyperrectangle_1019.vnnlib,20
onnx/ruarobot/perturbations_0.onnx,vnnlib/ruarobot/hyperrectangle_1658.vnnlib,20
onnx/ruarobot/perturbations_0.onnx,vnnlib/ruarobot/hyperrectangle_3008.vnnlib,20
onnx/ruarobot/perturbations_0.onnx,vnnlib/ruarobot/hyperrectangle_900.vnnlib,20
onnx/ruarobot/perturbations_0.onnx,vnnlib/ruarobot/hyperrectangle_6642.vnnlib,20
onnx/ruarobot/perturbations_0.onnx,vnnlib/ruarobot/hyperrectangle_6248.vnnlib,20
onnx/ruarobot/perturbations_0.onnx,vnnlib/ruarobot/hyperrectangle_7514.vnnlib,20
onnx/ruarobot/perturbations_0.onnx,vnnlib/ruarobot/hyperrectangle_3518.vnnlib,20
onnx/ruarobot/perturbations_0.onnx,vnnlib/ruarobot/hyperrectangle_1192.vnnlib,20
onnx/ruarobot/perturbations_0.onnx,vnnlib/ruarobot/hyperrectangle_4732.vnnlib,20
onnx/ruarobot/perturbations_0.onnx,vnnlib/ruarobot/hyperrectangle_7006.vnnlib,20
onnx/ruarobot/perturbations_0.onnx,vnnlib/ruarobot/hyperrectangle_7465.vnnlib,20
onnx/ruarobot/perturbations_0.onnx,vnnlib/ruarobot/hyperrectangle_7059.vnnlib,20
onnx/ruarobot/perturbations_0.onnx,vnnlib/ruarobot/hyperrectangle_5415.vnnlib,20
onnx/ruarobot/perturbations_0.onnx,vnnlib/ruarobot/hyperrectangle_7819.vnnlib,20
onnx/ruarobot/perturbations_0.onnx,vnnlib/ruarobot/hyperrectangle_3232.vnnlib,20
onnx/ruarobot/perturbations_0.onnx,vnnlib/ruarobot/hyperrectangle_5324.vnnlib,20
onnx/ruarobot/perturbations_0.onnx,vnnlib/ruarobot/hyperrectangle_5184.vnnlib,20
onnx/ruarobot/perturbations_0.onnx,vnnlib/ruarobot/hyperrectangle_7744.vnnlib,20
onnx/medical/perturbations_0.onnx,vnnlib/medical/hyperrectangle_1163.vnnlib,20
onnx/ruarobot/perturbations_0.onnx,vnnlib/ruarobot/hyperrectangle_3331.vnnlib,20
onnx/ruarobot/perturbations_0.onnx,vnnlib/ruarobot/hyperrectangle_6140.vnnlib,20
onnx/ruarobot/perturbations_0.onnx,vnnlib/ruarobot/hyperrectangle_748.vnnlib,20
onnx/ruarobot/perturbations_0.onnx,vnnlib/ruarobot/hyperrectangle_1458.vnnlib,20
onnx/ruarobot/perturbations_0.onnx,vnnlib/ruarobot/hyperrectangle_6160.vnnlib,20
onnx/medical/perturbations_0.onnx,vnnlib/medical/hyperrectangle_1922.vnnlib,20
onnx/medical/perturbations_0.onnx,vnnlib/medical/hyperrectangle_1248.vnnlib,20
onnx/ruarobot/perturbations_0.onnx,vnnlib/ruarobot/hyperrectangle_918.vnnlib,20
onnx/ruarobot/perturbations_0.onnx,vnnlib/ruarobot/hyperrectangle_1995.vnnlib,20
onnx/ruarobot/perturbations_0.onnx,vnnlib/ruarobot/hyperrectangle_3929.vnnlib,20
onnx/ruarobot/perturbations_0.onnx,vnnlib/ruarobot/hyperrectangle_6923.vnnlib,20
onnx/ruarobot/perturbations_0.onnx,vnnlib/ruarobot/hyperrectangle_291.vnnlib,20
onnx/medical/perturbations_0.onnx,vnnlib/medical/hyperrectangle_1624.vnnlib,20
onnx/ruarobot/perturbations_0.onnx,vnnlib/ruarobot/hyperrectangle_3108.vnnlib,20
onnx/ruarobot/perturbations_0.onnx,vnnlib/ruarobot/hyperrectangle_4376.vnnlib,20
onnx/ruarobot/perturbations_0.onnx,vnnlib/ruarobot/hyperrectangle_4696.vnnlib,20
onnx/ruarobot/perturbations_0.onnx,vnnlib/ruarobot/hyperrectangle_4559.vnnlib,20
onnx/ruarobot/perturbations_0.onnx,vnnlib/ruarobot/hyperrectangle_2060.vnnlib,20
onnx/ruarobot/perturbations_0.onnx,vnnlib/ruarobot/hyperrectangle_1306.vnnlib,20
onnx/ruarobot/perturbations_0.onnx,vnnlib/ruarobot/hyperrectangle_2247.vnnlib,20
onnx/ruarobot/perturbations_0.onnx,vnnlib/ruarobot/hyperrectangle_3032.vnnlib,20
onnx/ruarobot/perturbations_0.onnx,vnnlib/ruarobot/hyperrectangle_4041.vnnlib,20
onnx/ruarobot/perturbations_0.onnx,vnnlib/ruarobot/hyperrectangle_789.vnnlib,20
onnx/ruarobot/perturbations_0.onnx,vnnlib/ruarobot/hyperrectangle_4004.vnnlib,20
onnx/ruarobot/perturbations_0.onnx,vnnlib/ruarobot/hyperrectangle_1892.vnnlib,20
onnx/ruarobot/perturbations_0.onnx,vnnlib/ruarobot/hyperrectangle_3718.vnnlib,20
onnx/ruarobot/perturbations_0.onnx,vnnlib/ruarobot/hyperrectangle_3580.vnnlib,20
onnx/medical/perturbations_0.onnx,vnnlib/medical/hyperrectangle_1445.vnnlib,20
onnx/ruarobot/perturbations_0.onnx,vnnlib/ruarobot/hyperrectangle_6866.vnnlib,20
onnx/ruarobot/perturbations_0.onnx,vnnlib/ruarobot/hyperrectangle_4910.vnnlib,20
onnx/medical/perturbations_0.onnx,vnnlib/medical/hyperrectangle_850.vnnlib,20
onnx/ruarobot/perturbations_0.onnx,vnnlib/ruarobot/hyperrectangle_3498.vnnlib,20
onnx/ruarobot/perturbations_0.onnx,vnnlib/ruarobot/hyperrectangle_1566.vnnlib,20
onnx/medical/perturbations_0.onnx,vnnlib/medical/hyperrectangle_495.vnnlib,20
onnx/ruarobot/perturbations_0.onnx,vnnlib/ruarobot/hyperrectangle_4256.vnnlib,20
onnx/ruarobot/perturbations_0.onnx,vnnlib/ruarobot/hyperrectangle_5882.vnnlib,20
onnx/ruarobot/perturbations_0.onnx,vnnlib/ruarobot/hyperrectangle_2427.vnnlib,20
onnx/ruarobot/perturbations_0.onnx,vnnlib/ruarobot/hyperrectangle_365.vnnlib,20
onnx/ruarobot/perturbations_0.onnx,vnnlib/ruarobot/hyperrectangle_1047.vnnlib,20
onnx/ruarobot/perturbations_0.onnx,vnnlib/ruarobot/hyperrectangle_305.vnnlib,20
onnx/medical/perturbations_0.onnx,vnnlib/medical/hyperrectangle_573.vnnlib,20
onnx/ruarobot/perturbations_0.onnx,vnnlib/ruarobot/hyperrectangle_2737.vnnlib,20
onnx/ruarobot/perturbations_0.onnx,vnnlib/ruarobot/hyperrectangle_1307.vnnlib,20
onnx/ruarobot/perturbations_0.onnx,vnnlib/ruarobot/hyperrectangle_3522.vnnlib,20
onnx/ruarobot/perturbations_0.onnx,vnnlib/ruarobot/hyperrectangle_3207.vnnlib,20
onnx/ruarobot/perturbations_0.onnx,vnnlib/ruarobot/hyperrectangle_1150.vnnlib,20
onnx/ruarobot/perturbations_0.onnx,vnnlib/ruarobot/hyperrectangle_4758.vnnlib,20
onnx/medical/perturbations_0.onnx,vnnlib/medical/hyperrectangle_368.vnnlib,20
onnx/ruarobot/perturbations_0.onnx,vnnlib/ruarobot/hyperrectangle_2930.vnnlib,20
onnx/ruarobot/perturbations_0.onnx,vnnlib/ruarobot/hyperrectangle_248.vnnlib,20
onnx/ruarobot/perturbations_0.onnx,vnnlib/ruarobot/hyperrectangle_245.vnnlib,20
onnx/medical/perturbations_0.onnx,vnnlib/medical/hyperrectangle_1497.vnnlib,20
onnx/ruarobot/perturbations_0.onnx,vnnlib/ruarobot/hyperrectangle_6674.vnnlib,20
onnx/ruarobot/perturbations_0.onnx,vnnlib/ruarobot/hyperrectangle_2928.vnnlib,20
onnx/ruarobot/perturbations_0.onnx,vnnlib/ruarobot/hyperrectangle_312.vnnlib,20
onnx/medical/perturbations_0.onnx,vnnlib/medical/hyperrectangle_2349.vnnlib,20
onnx/ruarobot/perturbations_0.onnx,vnnlib/ruarobot/hyperrectangle_7242.vnnlib,20
onnx/ruarobot/perturbations_0.onnx,vnnlib/ruarobot/hyperrectangle_3015.vnnlib,20
onnx/ruarobot/perturbations_0.onnx,vnnlib/ruarobot/hyperrectangle_6891.vnnlib,20
onnx/ruarobot/perturbations_0.onnx,vnnlib/ruarobot/hyperrectangle_6873.vnnlib,20
onnx/ruarobot/perturbations_0.onnx,vnnlib/ruarobot/hyperrectangle_5877.vnnlib,20
onnx/ruarobot/perturbations_0.onnx,vnnlib/ruarobot/hyperrectangle_7238.vnnlib,20
onnx/medical/perturbations_0.onnx,vnnlib/medical/hyperrectangle_1923.vnnlib,20
onnx/ruarobot/perturbations_0.onnx,vnnlib/ruarobot/hyperrectangle_3466.vnnlib,20
onnx/medical/perturbations_0.onnx,vnnlib/medical/hyperrectangle_1253.vnnlib,20
onnx/medical/perturbations_0.onnx,vnnlib/medical/hyperrectangle_2698.vnnlib,20
onnx/ruarobot/perturbations_0.onnx,vnnlib/ruarobot/hyperrectangle_230.vnnlib,20
onnx/medical/perturbations_0.onnx,vnnlib/medical/hyperrectangle_1353.vnnlib,20
onnx/ruarobot/perturbations_0.onnx,vnnlib/ruarobot/hyperrectangle_578.vnnlib,20
onnx/medical/perturbations_0.onnx,vnnlib/medical/hyperrectangle_350.vnnlib,20
onnx/medical/perturbations_0.onnx,vnnlib/medical/hyperrectangle_2708.vnnlib,20
onnx/ruarobot/perturbations_0.onnx,vnnlib/ruarobot/hyperrectangle_5623.vnnlib,20
onnx/ruarobot/perturbations_0.onnx,vnnlib/ruarobot/hyperrectangle_6414.vnnlib,20
onnx/medical/perturbations_0.onnx,vnnlib/medical/hyperrectangle_157.vnnlib,20
onnx/medical/perturbations_0.onnx,vnnlib/medical/hyperrectangle_79.vnnlib,20
onnx/ruarobot/perturbations_0.onnx,vnnlib/ruarobot/hyperrectangle_5670.vnnlib,20
onnx/ruarobot/perturbations_0.onnx,vnnlib/ruarobot/hyperrectangle_2344.vnnlib,20
onnx/ruarobot/perturbations_0.onnx,vnnlib/ruarobot/hyperrectangle_1134.vnnlib,20
onnx/ruarobot/perturbations_0.onnx,vnnlib/ruarobot/hyperrectangle_4803.vnnlib,20
onnx/medical/perturbations_0.onnx,vnnlib/medical/hyperrectangle_2763.vnnlib,20
onnx/ruarobot/perturbations_0.onnx,vnnlib/ruarobot/hyperrectangle_6221.vnnlib,20
onnx/ruarobot/perturbations_0.onnx,vnnlib/ruarobot/hyperrectangle_1173.vnnlib,20
onnx/ruarobot/perturbations_0.onnx,vnnlib/ruarobot/hyperrectangle_3095.vnnlib,20
onnx/ruarobot/perturbations_0.onnx,vnnlib/ruarobot/hyperrectangle_3566.vnnlib,20
onnx/ruarobot/perturbations_0.onnx,vnnlib/ruarobot/hyperrectangle_7689.vnnlib,20
onnx/ruarobot/perturbations_0.onnx,vnnlib/ruarobot/hyperrectangle_2348.vnnlib,20
onnx/ruarobot/perturbations_0.onnx,vnnlib/ruarobot/hyperrectangle_5525.vnnlib,20
onnx/ruarobot/perturbations_0.onnx,vnnlib/ruarobot/hyperrectangle_4360.vnnlib,20
onnx/ruarobot/perturbations_0.onnx,vnnlib/ruarobot/hyperrectangle_4359.vnnlib,20
onnx/ruarobot/perturbations_0.onnx,vnnlib/ruarobot/hyperrectangle_1626.vnnlib,20
onnx/medical/perturbations_0.onnx,vnnlib/medical/hyperrectangle_2390.vnnlib,20
onnx/medical/perturbations_0.onnx,vnnlib/medical/hyperrectangle_1673.vnnlib,20
onnx/ruarobot/perturbations_0.onnx,vnnlib/ruarobot/hyperrectangle_5986.vnnlib,20
onnx/ruarobot/perturbations_0.onnx,vnnlib/ruarobot/hyperrectangle_7258.vnnlib,20
onnx/medical/perturbations_0.onnx,vnnlib/medical/hyperrectangle_1726.vnnlib,20
onnx/ruarobot/perturbations_0.onnx,vnnlib/ruarobot/hyperrectangle_2406.vnnlib,20
onnx/ruarobot/perturbations_0.onnx,vnnlib/ruarobot/hyperrectangle_953.vnnlib,20
onnx/medical/perturbations_0.onnx,vnnlib/medical/hyperrectangle_145.vnnlib,20
onnx/ruarobot/perturbations_0.onnx,vnnlib/ruarobot/hyperrectangle_787.vnnlib,20
onnx/ruarobot/perturbations_0.onnx,vnnlib/ruarobot/hyperrectangle_885.vnnlib,20
onnx/medical/perturbations_0.onnx,vnnlib/medical/hyperrectangle_2455.vnnlib,20
onnx/ruarobot/perturbations_0.onnx,vnnlib/ruarobot/hyperrectangle_2355.vnnlib,20
onnx/ruarobot/perturbations_0.onnx,vnnlib/ruarobot/hyperrectangle_6650.vnnlib,20
onnx/ruarobot/perturbations_0.onnx,vnnlib/ruarobot/hyperrectangle_22.vnnlib,20
onnx/medical/perturbations_0.onnx,vnnlib/medical/hyperrectangle_292.vnnlib,20
onnx/ruarobot/perturbations_0.onnx,vnnlib/ruarobot/hyperrectangle_2673.vnnlib,20
onnx/medical/perturbations_0.onnx,vnnlib/medical/hyperrectangle_1407.vnnlib,20
onnx/ruarobot/perturbations_0.onnx,vnnlib/ruarobot/hyperrectangle_4535.vnnlib,20
onnx/ruarobot/perturbations_0.onnx,vnnlib/ruarobot/hyperrectangle_6710.vnnlib,20
onnx/medical/perturbations_0.onnx,vnnlib/medical/hyperrectangle_1764.vnnlib,20
onnx/ruarobot/perturbations_0.onnx,vnnlib/ruarobot/hyperrectangle_4316.vnnlib,20
onnx/ruarobot/perturbations_0.onnx,vnnlib/ruarobot/hyperrectangle_5722.vnnlib,20
onnx/ruarobot/perturbations_0.onnx,vnnlib/ruarobot/hyperrectangle_1737.vnnlib,20
onnx/medical/perturbations_0.onnx,vnnlib/medical/hyperrectangle_1515.vnnlib,20
onnx/ruarobot/perturbations_0.onnx,vnnlib/ruarobot/hyperrectangle_3839.vnnlib,20
onnx/ruarobot/perturbations_0.onnx,vnnlib/ruarobot/hyperrectangle_4933.vnnlib,20
onnx/ruarobot/perturbations_0.onnx,vnnlib/ruarobot/hyperrectangle_920.vnnlib,20
onnx/ruarobot/perturbations_0.onnx,vnnlib/ruarobot/hyperrectangle_3039.vnnlib,20
onnx/ruarobot/perturbations_0.onnx,vnnlib/ruarobot/hyperrectangle_4944.vnnlib,20
onnx/medical/perturbations_0.onnx,vnnlib/medical/hyperrectangle_1547.vnnlib,20
onnx/ruarobot/perturbations_0.onnx,vnnlib/ruarobot/hyperrectangle_4018.vnnlib,20
onnx/ruarobot/perturbations_0.onnx,vnnlib/ruarobot/hyperrectangle_6853.vnnlib,20
onnx/ruarobot/perturbations_0.onnx,vnnlib/ruarobot/hyperrectangle_7620.vnnlib,20
onnx/ruarobot/perturbations_0.onnx,vnnlib/ruarobot/hyperrectangle_5802.vnnlib,20
onnx/ruarobot/perturbations_0.onnx,vnnlib/ruarobot/hyperrectangle_7014.vnnlib,20
onnx/medical/perturbations_0.onnx,vnnlib/medical/hyperrectangle_1157.vnnlib,20
onnx/medical/perturbations_0.onnx,vnnlib/medical/hyperrectangle_1538.vnnlib,20
onnx/ruarobot/perturbations_0.onnx,vnnlib/ruarobot/hyperrectangle_5306.vnnlib,20
onnx/medical/perturbations_0.onnx,vnnlib/medical/hyperrectangle_2280.vnnlib,20
onnx/ruarobot/perturbations_0.onnx,vnnlib/ruarobot/hyperrectangle_7696.vnnlib,20
onnx/ruarobot/perturbations_0.onnx,vnnlib/ruarobot/hyperrectangle_1470.vnnlib,20
onnx/medical/perturbations_0.onnx,vnnlib/medical/hyperrectangle_423.vnnlib,20
onnx/ruarobot/perturbations_0.onnx,vnnlib/ruarobot/hyperrectangle_1371.vnnlib,20
onnx/medical/perturbations_0.onnx,vnnlib/medical/hyperrectangle_1530.vnnlib,20
onnx/medical/perturbations_0.onnx,vnnlib/medical/hyperrectangle_1433.vnnlib,20
onnx/ruarobot/perturbations_0.onnx,vnnlib/ruarobot/hyperrectangle_4729.vnnlib,20
onnx/ruarobot/perturbations_0.onnx,vnnlib/ruarobot/hyperrectangle_3005.vnnlib,20
onnx/ruarobot/perturbations_0.onnx,vnnlib/ruarobot/hyperrectangle_7233.vnnlib,20
onnx/ruarobot/perturbations_0.onnx,vnnlib/ruarobot/hyperrectangle_5946.vnnlib,20
onnx/ruarobot/perturbations_0.onnx,vnnlib/ruarobot/hyperrectangle_817.vnnlib,20
onnx/medical/perturbations_0.onnx,vnnlib/medical/hyperrectangle_735.vnnlib,20
onnx/ruarobot/perturbations_0.onnx,vnnlib/ruarobot/hyperrectangle_915.vnnlib,20
onnx/ruarobot/perturbations_0.onnx,vnnlib/ruarobot/hyperrectangle_5021.vnnlib,20
onnx/medical/perturbations_0.onnx,vnnlib/medical/hyperrectangle_2258.vnnlib,20
onnx/ruarobot/perturbations_0.onnx,vnnlib/ruarobot/hyperrectangle_6028.vnnlib,20
onnx/ruarobot/perturbations_0.onnx,vnnlib/ruarobot/hyperrectangle_1718.vnnlib,20
onnx/ruarobot/perturbations_0.onnx,vnnlib/ruarobot/hyperrectangle_5814.vnnlib,20
onnx/ruarobot/perturbations_0.onnx,vnnlib/ruarobot/hyperrectangle_676.vnnlib,20
onnx/ruarobot/perturbations_0.onnx,vnnlib/ruarobot/hyperrectangle_4083.vnnlib,20
onnx/ruarobot/perturbations_0.onnx,vnnlib/ruarobot/hyperrectangle_4357.vnnlib,20
onnx/ruarobot/perturbations_0.onnx,vnnlib/ruarobot/hyperrectangle_6636.vnnlib,20
onnx/ruarobot/perturbations_0.onnx,vnnlib/ruarobot/hyperrectangle_2054.vnnlib,20
onnx/ruarobot/perturbations_0.onnx,vnnlib/ruarobot/hyperrectangle_4192.vnnlib,20
onnx/ruarobot/perturbations_0.onnx,vnnlib/ruarobot/hyperrectangle_1381.vnnlib,20
onnx/medical/perturbations_0.onnx,vnnlib/medical/hyperrectangle_675.vnnlib,20
onnx/medical/perturbations_0.onnx,vnnlib/medical/hyperrectangle_1770.vnnlib,20
onnx/medical/perturbations_0.onnx,vnnlib/medical/hyperrectangle_2185.vnnlib,20
onnx/ruarobot/perturbations_0.onnx,vnnlib/ruarobot/hyperrectangle_1992.vnnlib,20
onnx/ruarobot/perturbations_0.onnx,vnnlib/ruarobot/hyperrectangle_3338.vnnlib,20
onnx/ruarobot/perturbations_0.onnx,vnnlib/ruarobot/hyperrectangle_5357.vnnlib,20
onnx/medical/perturbations_0.onnx,vnnlib/medical/hyperrectangle_2823.vnnlib,20
onnx/ruarobot/perturbations_0.onnx,vnnlib/ruarobot/hyperrectangle_129.vnnlib,20
onnx/ruarobot/perturbations_0.onnx,vnnlib/ruarobot/hyperrectangle_455.vnnlib,20
onnx/ruarobot/perturbations_0.onnx,vnnlib/ruarobot/hyperrectangle_600.vnnlib,20
onnx/medical/perturbations_0.onnx,vnnlib/medical/hyperrectangle_2088.vnnlib,20
onnx/ruarobot/perturbations_0.onnx,vnnlib/ruarobot/hyperrectangle_3781.vnnlib,20
onnx/medical/perturbations_0.onnx,vnnlib/medical/hyperrectangle_1100.vnnlib,20
onnx/ruarobot/perturbations_0.onnx,vnnlib/ruarobot/hyperrectangle_1252.vnnlib,20
onnx/ruarobot/perturbations_0.onnx,vnnlib/ruarobot/hyperrectangle_615.vnnlib,20
onnx/ruarobot/perturbations_0.onnx,vnnlib/ruarobot/hyperrectangle_1932.vnnlib,20
onnx/medical/perturbations_0.onnx,vnnlib/medical/hyperrectangle_975.vnnlib,20
onnx/medical/perturbations_0.onnx,vnnlib/medical/hyperrectangle_266.vnnlib,20
onnx/medical/perturbations_0.onnx,vnnlib/medical/hyperrectangle_2066.vnnlib,20
onnx/ruarobot/perturbations_0.onnx,vnnlib/ruarobot/hyperrectangle_680.vnnlib,20
onnx/ruarobot/perturbations_0.onnx,vnnlib/ruarobot/hyperrectangle_3542.vnnlib,20
onnx/ruarobot/perturbations_0.onnx,vnnlib/ruarobot/hyperrectangle_6567.vnnlib,20
onnx/ruarobot/perturbations_0.onnx,vnnlib/ruarobot/hyperrectangle_7641.vnnlib,20
onnx/ruarobot/perturbations_0.onnx,vnnlib/ruarobot/hyperrectangle_4451.vnnlib,20
onnx/medical/perturbations_0.onnx,vnnlib/medical/hyperrectangle_570.vnnlib,20
onnx/ruarobot/perturbations_0.onnx,vnnlib/ruarobot/hyperrectangle_6688.vnnlib,20
onnx/ruarobot/perturbations_0.onnx,vnnlib/ruarobot/hyperrectangle_6324.vnnlib,20
onnx/ruarobot/perturbations_0.onnx,vnnlib/ruarobot/hyperrectangle_1227.vnnlib,20
onnx/ruarobot/perturbations_0.onnx,vnnlib/ruarobot/hyperrectangle_3955.vnnlib,20
onnx/ruarobot/perturbations_0.onnx,vnnlib/ruarobot/hyperrectangle_5963.vnnlib,20
onnx/ruarobot/perturbations_0.onnx,vnnlib/ruarobot/hyperrectangle_6020.vnnlib,20
onnx/ruarobot/perturbations_0.onnx,vnnlib/ruarobot/hyperrectangle_1398.vnnlib,20
onnx/ruarobot/perturbations_0.onnx,vnnlib/ruarobot/hyperrectangle_142.vnnlib,20
onnx/ruarobot/perturbations_0.onnx,vnnlib/ruarobot/hyperrectangle_1567.vnnlib,20
onnx/ruarobot/perturbations_0.onnx,vnnlib/ruarobot/hyperrectangle_5715.vnnlib,20
onnx/ruarobot/perturbations_0.onnx,vnnlib/ruarobot/hyperrectangle_4515.vnnlib,20
onnx/ruarobot/perturbations_0.onnx,vnnlib/ruarobot/hyperrectangle_5092.vnnlib,20
onnx/ruarobot/perturbations_0.onnx,vnnlib/ruarobot/hyperrectangle_1536.vnnlib,20
onnx/ruarobot/perturbations_0.onnx,vnnlib/ruarobot/hyperrectangle_1366.vnnlib,20
onnx/ruarobot/perturbations_0.onnx,vnnlib/ruarobot/hyperrectangle_5409.vnnlib,20
onnx/ruarobot/perturbations_0.onnx,vnnlib/ruarobot/hyperrectangle_6097.vnnlib,20
onnx/medical/perturbations_0.onnx,vnnlib/medical/hyperrectangle_2222.vnnlib,20
onnx/ruarobot/perturbations_0.onnx,vnnlib/ruarobot/hyperrectangle_2953.vnnlib,20
onnx/ruarobot/perturbations_0.onnx,vnnlib/ruarobot/hyperrectangle_3484.vnnlib,20
onnx/ruarobot/perturbations_0.onnx,vnnlib/ruarobot/hyperrectangle_6190.vnnlib,20
onnx/ruarobot/perturbations_0.onnx,vnnlib/ruarobot/hyperrectangle_6539.vnnlib,20
onnx/ruarobot/perturbations_0.onnx,vnnlib/ruarobot/hyperrectangle_100.vnnlib,20
onnx/medical/perturbations_0.onnx,vnnlib/medical/hyperrectangle_1574.vnnlib,20
onnx/medical/perturbations_0.onnx,vnnlib/medical/hyperrectangle_264.vnnlib,20
onnx/ruarobot/perturbations_0.onnx,vnnlib/ruarobot/hyperrectangle_2882.vnnlib,20
onnx/medical/perturbations_0.onnx,vnnlib/medical/hyperrectangle_2000.vnnlib,20
onnx/ruarobot/perturbations_0.onnx,vnnlib/ruarobot/hyperrectangle_6434.vnnlib,20
onnx/medical/perturbations_0.onnx,vnnlib/medical/hyperrectangle_2197.vnnlib,20
onnx/ruarobot/perturbations_0.onnx,vnnlib/ruarobot/hyperrectangle_6204.vnnlib,20
onnx/medical/perturbations_0.onnx,vnnlib/medical/hyperrectangle_184.vnnlib,20
onnx/medical/perturbations_0.onnx,vnnlib/medical/hyperrectangle_1280.vnnlib,20
onnx/ruarobot/perturbations_0.onnx,vnnlib/ruarobot/hyperrectangle_1369.vnnlib,20
onnx/ruarobot/perturbations_0.onnx,vnnlib/ruarobot/hyperrectangle_1937.vnnlib,20
onnx/ruarobot/perturbations_0.onnx,vnnlib/ruarobot/hyperrectangle_500.vnnlib,20
onnx/ruarobot/perturbations_0.onnx,vnnlib/ruarobot/hyperrectangle_4495.vnnlib,20
onnx/ruarobot/perturbations_0.onnx,vnnlib/ruarobot/hyperrectangle_5332.vnnlib,20
onnx/medical/perturbations_0.onnx,vnnlib/medical/hyperrectangle_719.vnnlib,20
onnx/medical/perturbations_0.onnx,vnnlib/medical/hyperrectangle_372.vnnlib,20
onnx/ruarobot/perturbations_0.onnx,vnnlib/ruarobot/hyperrectangle_6449.vnnlib,20
onnx/ruarobot/perturbations_0.onnx,vnnlib/ruarobot/hyperrectangle_1086.vnnlib,20
onnx/ruarobot/perturbations_0.onnx,vnnlib/ruarobot/hyperrectangle_1439.vnnlib,20
onnx/ruarobot/perturbations_0.onnx,vnnlib/ruarobot/hyperrectangle_2721.vnnlib,20
onnx/ruarobot/perturbations_0.onnx,vnnlib/ruarobot/hyperrectangle_756.vnnlib,20
onnx/medical/perturbations_0.onnx,vnnlib/medical/hyperrectangle_692.vnnlib,20
onnx/ruarobot/perturbations_0.onnx,vnnlib/ruarobot/hyperrectangle_4225.vnnlib,20
onnx/medical/perturbations_0.onnx,vnnlib/medical/hyperrectangle_1693.vnnlib,20
onnx/ruarobot/perturbations_0.onnx,vnnlib/ruarobot/hyperrectangle_4911.vnnlib,20
onnx/ruarobot/perturbations_0.onnx,vnnlib/ruarobot/hyperrectangle_3365.vnnlib,20
onnx/medical/perturbations_0.onnx,vnnlib/medical/hyperrectangle_2584.vnnlib,20
onnx/ruarobot/perturbations_0.onnx,vnnlib/ruarobot/hyperrectangle_2553.vnnlib,20
onnx/ruarobot/perturbations_0.onnx,vnnlib/ruarobot/hyperrectangle_7064.vnnlib,20
onnx/ruarobot/perturbations_0.onnx,vnnlib/ruarobot/hyperrectangle_5425.vnnlib,20
onnx/medical/perturbations_0.onnx,vnnlib/medical/hyperrectangle_1369.vnnlib,20
onnx/ruarobot/perturbations_0.onnx,vnnlib/ruarobot/hyperrectangle_5308.vnnlib,20
onnx/ruarobot/perturbations_0.onnx,vnnlib/ruarobot/hyperrectangle_1304.vnnlib,20
onnx/ruarobot/perturbations_0.onnx,vnnlib/ruarobot/hyperrectangle_4307.vnnlib,20
onnx/ruarobot/perturbations_0.onnx,vnnlib/ruarobot/hyperrectangle_4175.vnnlib,20
onnx/medical/perturbations_0.onnx,vnnlib/medical/hyperrectangle_1485.vnnlib,20
onnx/ruarobot/perturbations_0.onnx,vnnlib/ruarobot/hyperrectangle_4665.vnnlib,20
onnx/medical/perturbations_0.onnx,vnnlib/medical/hyperrectangle_2307.vnnlib,20
onnx/ruarobot/perturbations_0.onnx,vnnlib/ruarobot/hyperrectangle_5606.vnnlib,20
onnx/ruarobot/perturbations_0.onnx,vnnlib/ruarobot/hyperrectangle_6052.vnnlib,20
onnx/medical/perturbations_0.onnx,vnnlib/medical/hyperrectangle_1500.vnnlib,20
onnx/ruarobot/perturbations_0.onnx,vnnlib/ruarobot/hyperrectangle_4379.vnnlib,20
onnx/ruarobot/perturbations_0.onnx,vnnlib/ruarobot/hyperrectangle_1742.vnnlib,20
onnx/ruarobot/perturbations_0.onnx,vnnlib/ruarobot/hyperrectangle_3618.vnnlib,20
onnx/ruarobot/perturbations_0.onnx,vnnlib/ruarobot/hyperrectangle_4103.vnnlib,20
onnx/ruarobot/perturbations_0.onnx,vnnlib/ruarobot/hyperrectangle_1269.vnnlib,20
onnx/ruarobot/perturbations_0.onnx,vnnlib/ruarobot/hyperrectangle_1100.vnnlib,20
onnx/ruarobot/perturbations_0.onnx,vnnlib/ruarobot/hyperrectangle_6212.vnnlib,20
onnx/medical/perturbations_0.onnx,vnnlib/medical/hyperrectangle_2344.vnnlib,20
onnx/ruarobot/perturbations_0.onnx,vnnlib/ruarobot/hyperrectangle_6945.vnnlib,20
onnx/medical/perturbations_0.onnx,vnnlib/medical/hyperrectangle_2354.vnnlib,20
onnx/ruarobot/perturbations_0.onnx,vnnlib/ruarobot/hyperrectangle_1401.vnnlib,20
onnx/ruarobot/perturbations_0.onnx,vnnlib/ruarobot/hyperrectangle_2123.vnnlib,20
onnx/ruarobot/perturbations_0.onnx,vnnlib/ruarobot/hyperrectangle_3849.vnnlib,20
onnx/ruarobot/perturbations_0.onnx,vnnlib/ruarobot/hyperrectangle_7881.vnnlib,20
onnx/ruarobot/perturbations_0.onnx,vnnlib/ruarobot/hyperrectangle_7895.vnnlib,20
onnx/ruarobot/perturbations_0.onnx,vnnlib/ruarobot/hyperrectangle_6788.vnnlib,20
onnx/ruarobot/perturbations_0.onnx,vnnlib/ruarobot/hyperrectangle_2177.vnnlib,20
onnx/ruarobot/perturbations_0.onnx,vnnlib/ruarobot/hyperrectangle_5766.vnnlib,20
onnx/ruarobot/perturbations_0.onnx,vnnlib/ruarobot/hyperrectangle_6036.vnnlib,20
onnx/ruarobot/perturbations_0.onnx,vnnlib/ruarobot/hyperrectangle_4343.vnnlib,20
onnx/ruarobot/perturbations_0.onnx,vnnlib/ruarobot/hyperrectangle_7515.vnnlib,20
onnx/ruarobot/perturbations_0.onnx,vnnlib/ruarobot/hyperrectangle_2302.vnnlib,20
onnx/ruarobot/perturbations_0.onnx,vnnlib/ruarobot/hyperrectangle_6812.vnnlib,20
onnx/ruarobot/perturbations_0.onnx,vnnlib/ruarobot/hyperrectangle_253.vnnlib,20
onnx/medical/perturbations_0.onnx,vnnlib/medical/hyperrectangle_354.vnnlib,20
onnx/medical/perturbations_0.onnx,vnnlib/medical/hyperrectangle_2609.vnnlib,20
onnx/ruarobot/perturbations_0.onnx,vnnlib/ruarobot/hyperrectangle_7035.vnnlib,20
onnx/ruarobot/perturbations_0.onnx,vnnlib/ruarobot/hyperrectangle_3828.vnnlib,20
onnx/ruarobot/perturbations_0.onnx,vnnlib/ruarobot/hyperrectangle_293.vnnlib,20
onnx/medical/perturbations_0.onnx,vnnlib/medical/hyperrectangle_1091.vnnlib,20
onnx/ruarobot/perturbations_0.onnx,vnnlib/ruarobot/hyperrectangle_7398.vnnlib,20
onnx/ruarobot/perturbations_0.onnx,vnnlib/ruarobot/hyperrectangle_1481.vnnlib,20
onnx/medical/perturbations_0.onnx,vnnlib/medical/hyperrectangle_2712.vnnlib,20
onnx/ruarobot/perturbations_0.onnx,vnnlib/ruarobot/hyperrectangle_2552.vnnlib,20
onnx/ruarobot/perturbations_0.onnx,vnnlib/ruarobot/hyperrectangle_3634.vnnlib,20
onnx/ruarobot/perturbations_0.onnx,vnnlib/ruarobot/hyperrectangle_2992.vnnlib,20
onnx/ruarobot/perturbations_0.onnx,vnnlib/ruarobot/hyperrectangle_4969.vnnlib,20
onnx/ruarobot/perturbations_0.onnx,vnnlib/ruarobot/hyperrectangle_3031.vnnlib,20
onnx/ruarobot/perturbations_0.onnx,vnnlib/ruarobot/hyperrectangle_770.vnnlib,20
onnx/ruarobot/perturbations_0.onnx,vnnlib/ruarobot/hyperrectangle_5852.vnnlib,20
onnx/ruarobot/perturbations_0.onnx,vnnlib/ruarobot/hyperrectangle_2792.vnnlib,20
onnx/medical/perturbations_0.onnx,vnnlib/medical/hyperrectangle_2183.vnnlib,20
onnx/ruarobot/perturbations_0.onnx,vnnlib/ruarobot/hyperrectangle_791.vnnlib,20
onnx/ruarobot/perturbations_0.onnx,vnnlib/ruarobot/hyperrectangle_1803.vnnlib,20
onnx/ruarobot/perturbations_0.onnx,vnnlib/ruarobot/hyperrectangle_3063.vnnlib,20
onnx/ruarobot/perturbations_0.onnx,vnnlib/ruarobot/hyperrectangle_194.vnnlib,20
onnx/ruarobot/perturbations_0.onnx,vnnlib/ruarobot/hyperrectangle_5649.vnnlib,20
onnx/medical/perturbations_0.onnx,vnnlib/medical/hyperrectangle_1943.vnnlib,20
onnx/ruarobot/perturbations_0.onnx,vnnlib/ruarobot/hyperrectangle_7493.vnnlib,20
onnx/ruarobot/perturbations_0.onnx,vnnlib/ruarobot/hyperrectangle_2144.vnnlib,20
onnx/ruarobot/perturbations_0.onnx,vnnlib/ruarobot/hyperrectangle_2205.vnnlib,20
onnx/ruarobot/perturbations_0.onnx,vnnlib/ruarobot/hyperrectangle_1875.vnnlib,20
onnx/ruarobot/perturbations_0.onnx,vnnlib/ruarobot/hyperrectangle_5310.vnnlib,20
onnx/ruarobot/perturbations_0.onnx,vnnlib/ruarobot/hyperrectangle_4953.vnnlib,20
onnx/medical/perturbations_0.onnx,vnnlib/medical/hyperrectangle_2780.vnnlib,20
onnx/ruarobot/perturbations_0.onnx,vnnlib/ruarobot/hyperrectangle_837.vnnlib,20
onnx/ruarobot/perturbations_0.onnx,vnnlib/ruarobot/hyperrectangle_4203.vnnlib,20
onnx/ruarobot/perturbations_0.onnx,vnnlib/ruarobot/hyperrectangle_2428.vnnlib,20
onnx/ruarobot/perturbations_0.onnx,vnnlib/ruarobot/hyperrectangle_1474.vnnlib,20
onnx/ruarobot/perturbations_0.onnx,vnnlib/ruarobot/hyperrectangle_2526.vnnlib,20
onnx/ruarobot/perturbations_0.onnx,vnnlib/ruarobot/hyperrectangle_3692.vnnlib,20
onnx/ruarobot/perturbations_0.onnx,vnnlib/ruarobot/hyperrectangle_3443.vnnlib,20
onnx/ruarobot/perturbations_0.onnx,vnnlib/ruarobot/hyperrectangle_6123.vnnlib,20
onnx/ruarobot/perturbations_0.onnx,vnnlib/ruarobot/hyperrectangle_2896.vnnlib,20
onnx/ruarobot/perturbations_0.onnx,vnnlib/ruarobot/hyperrectangle_3550.vnnlib,20
onnx/ruarobot/perturbations_0.onnx,vnnlib/ruarobot/hyperrectangle_2283.vnnlib,20
onnx/ruarobot/perturbations_0.onnx,vnnlib/ruarobot/hyperrectangle_7468.vnnlib,20
onnx/medical/perturbations_0.onnx,vnnlib/medical/hyperrectangle_1104.vnnlib,20
onnx/ruarobot/perturbations_0.onnx,vnnlib/ruarobot/hyperrectangle_3969.vnnlib,20
onnx/ruarobot/perturbations_0.onnx,vnnlib/ruarobot/hyperrectangle_4234.vnnlib,20
onnx/ruarobot/perturbations_0.onnx,vnnlib/ruarobot/hyperrectangle_919.vnnlib,20
onnx/medical/perturbations_0.onnx,vnnlib/medical/hyperrectangle_1690.vnnlib,20
onnx/ruarobot/perturbations_0.onnx,vnnlib/ruarobot/hyperrectangle_6894.vnnlib,20
onnx/ruarobot/perturbations_0.onnx,vnnlib/ruarobot/hyperrectangle_955.vnnlib,20
onnx/ruarobot/perturbations_0.onnx,vnnlib/ruarobot/hyperrectangle_3857.vnnlib,20
onnx/ruarobot/perturbations_0.onnx,vnnlib/ruarobot/hyperrectangle_5727.vnnlib,20
onnx/ruarobot/perturbations_0.onnx,vnnlib/ruarobot/hyperrectangle_246.vnnlib,20
onnx/ruarobot/perturbations_0.onnx,vnnlib/ruarobot/hyperrectangle_1494.vnnlib,20
onnx/ruarobot/perturbations_0.onnx,vnnlib/ruarobot/hyperrectangle_7878.vnnlib,20
onnx/medical/perturbations_0.onnx,vnnlib/medical/hyperrectangle_1261.vnnlib,20
onnx/ruarobot/perturbations_0.onnx,vnnlib/ruarobot/hyperrectangle_5692.vnnlib,20
onnx/ruarobot/perturbations_0.onnx,vnnlib/ruarobot/hyperrectangle_7796.vnnlib,20
onnx/medical/perturbations_0.onnx,vnnlib/medical/hyperrectangle_2158.vnnlib,20
onnx/medical/perturbations_0.onnx,vnnlib/medical/hyperrectangle_189.vnnlib,20
onnx/ruarobot/perturbations_0.onnx,vnnlib/ruarobot/hyperrectangle_7027.vnnlib,20
onnx/ruarobot/perturbations_0.onnx,vnnlib/ruarobot/hyperrectangle_2887.vnnlib,20
onnx/ruarobot/perturbations_0.onnx,vnnlib/ruarobot/hyperrectangle_2845.vnnlib,20
onnx/medical/perturbations_0.onnx,vnnlib/medical/hyperrectangle_1966.vnnlib,20
onnx/ruarobot/perturbations_0.onnx,vnnlib/ruarobot/hyperrectangle_1461.vnnlib,20
onnx/ruarobot/perturbations_0.onnx,vnnlib/ruarobot/hyperrectangle_4921.vnnlib,20
onnx/ruarobot/perturbations_0.onnx,vnnlib/ruarobot/hyperrectangle_6749.vnnlib,20
onnx/ruarobot/perturbations_0.onnx,vnnlib/ruarobot/hyperrectangle_2236.vnnlib,20
onnx/ruarobot/perturbations_0.onnx,vnnlib/ruarobot/hyperrectangle_2573.vnnlib,20
onnx/ruarobot/perturbations_0.onnx,vnnlib/ruarobot/hyperrectangle_331.vnnlib,20
onnx/ruarobot/perturbations_0.onnx,vnnlib/ruarobot/hyperrectangle_2948.vnnlib,20
onnx/ruarobot/perturbations_0.onnx,vnnlib/ruarobot/hyperrectangle_5756.vnnlib,20
onnx/medical/perturbations_0.onnx,vnnlib/medical/hyperrectangle_769.vnnlib,20
onnx/ruarobot/perturbations_0.onnx,vnnlib/ruarobot/hyperrectangle_2092.vnnlib,20
onnx/ruarobot/perturbations_0.onnx,vnnlib/ruarobot/hyperrectangle_3670.vnnlib,20
onnx/ruarobot/perturbations_0.onnx,vnnlib/ruarobot/hyperrectangle_3844.vnnlib,20
onnx/ruarobot/perturbations_0.onnx,vnnlib/ruarobot/hyperrectangle_5849.vnnlib,20
onnx/ruarobot/perturbations_0.onnx,vnnlib/ruarobot/hyperrectangle_5719.vnnlib,20
onnx/ruarobot/perturbations_0.onnx,vnnlib/ruarobot/hyperrectangle_1286.vnnlib,20
onnx/medical/perturbations_0.onnx,vnnlib/medical/hyperrectangle_931.vnnlib,20
onnx/ruarobot/perturbations_0.onnx,vnnlib/ruarobot/hyperrectangle_3142.vnnlib,20
onnx/ruarobot/perturbations_0.onnx,vnnlib/ruarobot/hyperrectangle_3048.vnnlib,20
onnx/ruarobot/perturbations_0.onnx,vnnlib/ruarobot/hyperrectangle_7605.vnnlib,20
onnx/ruarobot/perturbations_0.onnx,vnnlib/ruarobot/hyperrectangle_1364.vnnlib,20
onnx/ruarobot/perturbations_0.onnx,vnnlib/ruarobot/hyperrectangle_2712.vnnlib,20
onnx/ruarobot/perturbations_0.onnx,vnnlib/ruarobot/hyperrectangle_3523.vnnlib,20
onnx/ruarobot/perturbations_0.onnx,vnnlib/ruarobot/hyperrectangle_565.vnnlib,20
onnx/ruarobot/perturbations_0.onnx,vnnlib/ruarobot/hyperrectangle_2538.vnnlib,20
onnx/ruarobot/perturbations_0.onnx,vnnlib/ruarobot/hyperrectangle_2679.vnnlib,20
onnx/medical/perturbations_0.onnx,vnnlib/medical/hyperrectangle_2684.vnnlib,20
onnx/medical/perturbations_0.onnx,vnnlib/medical/hyperrectangle_1020.vnnlib,20
onnx/medical/perturbations_0.onnx,vnnlib/medical/hyperrectangle_510.vnnlib,20
onnx/ruarobot/perturbations_0.onnx,vnnlib/ruarobot/hyperrectangle_5001.vnnlib,20
onnx/ruarobot/perturbations_0.onnx,vnnlib/ruarobot/hyperrectangle_4320.vnnlib,20
onnx/ruarobot/perturbations_0.onnx,vnnlib/ruarobot/hyperrectangle_6079.vnnlib,20
onnx/medical/perturbations_0.onnx,vnnlib/medical/hyperrectangle_1643.vnnlib,20
onnx/medical/perturbations_0.onnx,vnnlib/medical/hyperrectangle_2589.vnnlib,20
onnx/ruarobot/perturbations_0.onnx,vnnlib/ruarobot/hyperrectangle_5601.vnnlib,20
onnx/ruarobot/perturbations_0.onnx,vnnlib/ruarobot/hyperrectangle_763.vnnlib,20
onnx/ruarobot/perturbations_0.onnx,vnnlib/ruarobot/hyperrectangle_7206.vnnlib,20
onnx/ruarobot/perturbations_0.onnx,vnnlib/ruarobot/hyperrectangle_1098.vnnlib,20
onnx/ruarobot/perturbations_0.onnx,vnnlib/ruarobot/hyperrectangle_388.vnnlib,20
onnx/ruarobot/perturbations_0.onnx,vnnlib/ruarobot/hyperrectangle_4604.vnnlib,20
onnx/medical/perturbations_0.onnx,vnnlib/medical/hyperrectangle_2193.vnnlib,20
onnx/medical/perturbations_0.onnx,vnnlib/medical/hyperrectangle_2645.vnnlib,20
onnx/ruarobot/perturbations_0.onnx,vnnlib/ruarobot/hyperrectangle_6693.vnnlib,20
onnx/ruarobot/perturbations_0.onnx,vnnlib/ruarobot/hyperrectangle_503.vnnlib,20
onnx/ruarobot/perturbations_0.onnx,vnnlib/ruarobot/hyperrectangle_3774.vnnlib,20
onnx/ruarobot/perturbations_0.onnx,vnnlib/ruarobot/hyperrectangle_1276.vnnlib,20
onnx/ruarobot/perturbations_0.onnx,vnnlib/ruarobot/hyperrectangle_2884.vnnlib,20
onnx/medical/perturbations_0.onnx,vnnlib/medical/hyperrectangle_143.vnnlib,20
onnx/ruarobot/perturbations_0.onnx,vnnlib/ruarobot/hyperrectangle_3594.vnnlib,20
onnx/ruarobot/perturbations_0.onnx,vnnlib/ruarobot/hyperrectangle_4584.vnnlib,20
onnx/ruarobot/perturbations_0.onnx,vnnlib/ruarobot/hyperrectangle_3756.vnnlib,20
onnx/ruarobot/perturbations_0.onnx,vnnlib/ruarobot/hyperrectangle_4706.vnnlib,20
onnx/ruarobot/perturbations_0.onnx,vnnlib/ruarobot/hyperrectangle_6365.vnnlib,20
onnx/medical/perturbations_0.onnx,vnnlib/medical/hyperrectangle_2413.vnnlib,20
onnx/ruarobot/perturbations_0.onnx,vnnlib/ruarobot/hyperrectangle_814.vnnlib,20
onnx/ruarobot/perturbations_0.onnx,vnnlib/ruarobot/hyperrectangle_3818.vnnlib,20
onnx/ruarobot/perturbations_0.onnx,vnnlib/ruarobot/hyperrectangle_4827.vnnlib,20
onnx/ruarobot/perturbations_0.onnx,vnnlib/ruarobot/hyperrectangle_413.vnnlib,20
onnx/ruarobot/perturbations_0.onnx,vnnlib/ruarobot/hyperrectangle_2545.vnnlib,20
onnx/ruarobot/perturbations_0.onnx,vnnlib/ruarobot/hyperrectangle_3056.vnnlib,20
onnx/ruarobot/perturbations_0.onnx,vnnlib/ruarobot/hyperrectangle_7749.vnnlib,20
onnx/ruarobot/perturbations_0.onnx,vnnlib/ruarobot/hyperrectangle_4145.vnnlib,20
onnx/ruarobot/perturbations_0.onnx,vnnlib/ruarobot/hyperrectangle_5527.vnnlib,20
onnx/ruarobot/perturbations_0.onnx,vnnlib/ruarobot/hyperrectangle_1207.vnnlib,20
onnx/ruarobot/perturbations_0.onnx,vnnlib/ruarobot/hyperrectangle_4206.vnnlib,20
onnx/ruarobot/perturbations_0.onnx,vnnlib/ruarobot/hyperrectangle_2910.vnnlib,20
onnx/ruarobot/perturbations_0.onnx,vnnlib/ruarobot/hyperrectangle_7301.vnnlib,20
onnx/medical/perturbations_0.onnx,vnnlib/medical/hyperrectangle_1692.vnnlib,20
onnx/ruarobot/perturbations_0.onnx,vnnlib/ruarobot/hyperrectangle_5541.vnnlib,20
onnx/ruarobot/perturbations_0.onnx,vnnlib/ruarobot/hyperrectangle_549.vnnlib,20
onnx/ruarobot/perturbations_0.onnx,vnnlib/ruarobot/hyperrectangle_862.vnnlib,20
onnx/medical/perturbations_0.onnx,vnnlib/medical/hyperrectangle_229.vnnlib,20
onnx/ruarobot/perturbations_0.onnx,vnnlib/ruarobot/hyperrectangle_5668.vnnlib,20
onnx/ruarobot/perturbations_0.onnx,vnnlib/ruarobot/hyperrectangle_3267.vnnlib,20
onnx/ruarobot/perturbations_0.onnx,vnnlib/ruarobot/hyperrectangle_2532.vnnlib,20
onnx/ruarobot/perturbations_0.onnx,vnnlib/ruarobot/hyperrectangle_7495.vnnlib,20
onnx/ruarobot/perturbations_0.onnx,vnnlib/ruarobot/hyperrectangle_5159.vnnlib,20
onnx/ruarobot/perturbations_0.onnx,vnnlib/ruarobot/hyperrectangle_3471.vnnlib,20
onnx/ruarobot/perturbations_0.onnx,vnnlib/ruarobot/hyperrectangle_1922.vnnlib,20
onnx/ruarobot/perturbations_0.onnx,vnnlib/ruarobot/hyperrectangle_77.vnnlib,20
onnx/ruarobot/perturbations_0.onnx,vnnlib/ruarobot/hyperrectangle_6631.vnnlib,20
onnx/ruarobot/perturbations_0.onnx,vnnlib/ruarobot/hyperrectangle_6415.vnnlib,20
onnx/ruarobot/perturbations_0.onnx,vnnlib/ruarobot/hyperrectangle_2837.vnnlib,20
onnx/ruarobot/perturbations_0.onnx,vnnlib/ruarobot/hyperrectangle_2048.vnnlib,20
onnx/ruarobot/perturbations_0.onnx,vnnlib/ruarobot/hyperrectangle_46.vnnlib,20
onnx/ruarobot/perturbations_0.onnx,vnnlib/ruarobot/hyperrectangle_4709.vnnlib,20
onnx/ruarobot/perturbations_0.onnx,vnnlib/ruarobot/hyperrectangle_1184.vnnlib,20
onnx/ruarobot/perturbations_0.onnx,vnnlib/ruarobot/hyperrectangle_1975.vnnlib,20
onnx/medical/perturbations_0.onnx,vnnlib/medical/hyperrectangle_1128.vnnlib,20
onnx/medical/perturbations_0.onnx,vnnlib/medical/hyperrectangle_2110.vnnlib,20
onnx/ruarobot/perturbations_0.onnx,vnnlib/ruarobot/hyperrectangle_119.vnnlib,20
onnx/ruarobot/perturbations_0.onnx,vnnlib/ruarobot/hyperrectangle_3838.vnnlib,20
onnx/medical/perturbations_0.onnx,vnnlib/medical/hyperrectangle_1465.vnnlib,20
onnx/ruarobot/perturbations_0.onnx,vnnlib/ruarobot/hyperrectangle_4897.vnnlib,20
onnx/ruarobot/perturbations_0.onnx,vnnlib/ruarobot/hyperrectangle_7300.vnnlib,20
onnx/ruarobot/perturbations_0.onnx,vnnlib/ruarobot/hyperrectangle_5427.vnnlib,20
onnx/medical/perturbations_0.onnx,vnnlib/medical/hyperrectangle_466.vnnlib,20
onnx/ruarobot/perturbations_0.onnx,vnnlib/ruarobot/hyperrectangle_3654.vnnlib,20
onnx/medical/perturbations_0.onnx,vnnlib/medical/hyperrectangle_1008.vnnlib,20
onnx/ruarobot/perturbations_0.onnx,vnnlib/ruarobot/hyperrectangle_5431.vnnlib,20
onnx/ruarobot/perturbations_0.onnx,vnnlib/ruarobot/hyperrectangle_5382.vnnlib,20
onnx/ruarobot/perturbations_0.onnx,vnnlib/ruarobot/hyperrectangle_3332.vnnlib,20
onnx/ruarobot/perturbations_0.onnx,vnnlib/ruarobot/hyperrectangle_6736.vnnlib,20
onnx/ruarobot/perturbations_0.onnx,vnnlib/ruarobot/hyperrectangle_3286.vnnlib,20
onnx/ruarobot/perturbations_0.onnx,vnnlib/ruarobot/hyperrectangle_6472.vnnlib,20
onnx/medical/perturbations_0.onnx,vnnlib/medical/hyperrectangle_1283.vnnlib,20
onnx/medical/perturbations_0.onnx,vnnlib/medical/hyperrectangle_819.vnnlib,20
onnx/ruarobot/perturbations_0.onnx,vnnlib/ruarobot/hyperrectangle_6494.vnnlib,20
onnx/ruarobot/perturbations_0.onnx,vnnlib/ruarobot/hyperrectangle_3571.vnnlib,20
onnx/ruarobot/perturbations_0.onnx,vnnlib/ruarobot/hyperrectangle_732.vnnlib,20
onnx/ruarobot/perturbations_0.onnx,vnnlib/ruarobot/hyperrectangle_6726.vnnlib,20
onnx/ruarobot/perturbations_0.onnx,vnnlib/ruarobot/hyperrectangle_5047.vnnlib,20
onnx/ruarobot/perturbations_0.onnx,vnnlib/ruarobot/hyperrectangle_2257.vnnlib,20
onnx/ruarobot/perturbations_0.onnx,vnnlib/ruarobot/hyperrectangle_4802.vnnlib,20
onnx/medical/perturbations_0.onnx,vnnlib/medical/hyperrectangle_1110.vnnlib,20
onnx/ruarobot/perturbations_0.onnx,vnnlib/ruarobot/hyperrectangle_3473.vnnlib,20
onnx/medical/perturbations_0.onnx,vnnlib/medical/hyperrectangle_520.vnnlib,20
onnx/ruarobot/perturbations_0.onnx,vnnlib/ruarobot/hyperrectangle_5603.vnnlib,20
onnx/ruarobot/perturbations_0.onnx,vnnlib/ruarobot/hyperrectangle_2049.vnnlib,20
onnx/ruarobot/perturbations_0.onnx,vnnlib/ruarobot/hyperrectangle_327.vnnlib,20
onnx/ruarobot/perturbations_0.onnx,vnnlib/ruarobot/hyperrectangle_4238.vnnlib,20
onnx/ruarobot/perturbations_0.onnx,vnnlib/ruarobot/hyperrectangle_7303.vnnlib,20
onnx/ruarobot/perturbations_0.onnx,vnnlib/ruarobot/hyperrectangle_3714.vnnlib,20
onnx/ruarobot/perturbations_0.onnx,vnnlib/ruarobot/hyperrectangle_4001.vnnlib,20
onnx/ruarobot/perturbations_0.onnx,vnnlib/ruarobot/hyperrectangle_1785.vnnlib,20
onnx/medical/perturbations_0.onnx,vnnlib/medical/hyperrectangle_1062.vnnlib,20
onnx/medical/perturbations_0.onnx,vnnlib/medical/hyperrectangle_863.vnnlib,20
onnx/ruarobot/perturbations_0.onnx,vnnlib/ruarobot/hyperrectangle_489.vnnlib,20
onnx/ruarobot/perturbations_0.onnx,vnnlib/ruarobot/hyperrectangle_97.vnnlib,20
onnx/medical/perturbations_0.onnx,vnnlib/medical/hyperrectangle_1071.vnnlib,20
onnx/medical/perturbations_0.onnx,vnnlib/medical/hyperrectangle_527.vnnlib,20
onnx/ruarobot/perturbations_0.onnx,vnnlib/ruarobot/hyperrectangle_7378.vnnlib,20
onnx/medical/perturbations_0.onnx,vnnlib/medical/hyperrectangle_726.vnnlib,20
onnx/medical/perturbations_0.onnx,vnnlib/medical/hyperrectangle_309.vnnlib,20
onnx/medical/perturbations_0.onnx,vnnlib/medical/hyperrectangle_1646.vnnlib,20
onnx/ruarobot/perturbations_0.onnx,vnnlib/ruarobot/hyperrectangle_1501.vnnlib,20
onnx/ruarobot/perturbations_0.onnx,vnnlib/ruarobot/hyperrectangle_3701.vnnlib,20
onnx/ruarobot/perturbations_0.onnx,vnnlib/ruarobot/hyperrectangle_4768.vnnlib,20
onnx/ruarobot/perturbations_0.onnx,vnnlib/ruarobot/hyperrectangle_6446.vnnlib,20
onnx/ruarobot/perturbations_0.onnx,vnnlib/ruarobot/hyperrectangle_7153.vnnlib,20
onnx/ruarobot/perturbations_0.onnx,vnnlib/ruarobot/hyperrectangle_7306.vnnlib,20
onnx/ruarobot/perturbations_0.onnx,vnnlib/ruarobot/hyperrectangle_3175.vnnlib,20
onnx/ruarobot/perturbations_0.onnx,vnnlib/ruarobot/hyperrectangle_193.vnnlib,20
onnx/ruarobot/perturbations_0.onnx,vnnlib/ruarobot/hyperrectangle_4530.vnnlib,20
onnx/ruarobot/perturbations_0.onnx,vnnlib/ruarobot/hyperrectangle_4259.vnnlib,20
onnx/ruarobot/perturbations_0.onnx,vnnlib/ruarobot/hyperrectangle_6743.vnnlib,20
onnx/medical/perturbations_0.onnx,vnnlib/medical/hyperrectangle_995.vnnlib,20
onnx/medical/perturbations_0.onnx,vnnlib/medical/hyperrectangle_835.vnnlib,20
onnx/ruarobot/perturbations_0.onnx,vnnlib/ruarobot/hyperrectangle_1211.vnnlib,20
onnx/medical/perturbations_0.onnx,vnnlib/medical/hyperrectangle_2221.vnnlib,20
onnx/ruarobot/perturbations_0.onnx,vnnlib/ruarobot/hyperrectangle_6148.vnnlib,20
onnx/ruarobot/perturbations_0.onnx,vnnlib/ruarobot/hyperrectangle_1886.vnnlib,20
onnx/ruarobot/perturbations_0.onnx,vnnlib/ruarobot/hyperrectangle_7553.vnnlib,20
onnx/ruarobot/perturbations_0.onnx,vnnlib/ruarobot/hyperrectangle_2931.vnnlib,20
onnx/ruarobot/perturbations_0.onnx,vnnlib/ruarobot/hyperrectangle_5493.vnnlib,20
onnx/ruarobot/perturbations_0.onnx,vnnlib/ruarobot/hyperrectangle_181.vnnlib,20
onnx/ruarobot/perturbations_0.onnx,vnnlib/ruarobot/hyperrectangle_3176.vnnlib,20
onnx/ruarobot/perturbations_0.onnx,vnnlib/ruarobot/hyperrectangle_6038.vnnlib,20
onnx/ruarobot/perturbations_0.onnx,vnnlib/ruarobot/hyperrectangle_5093.vnnlib,20
onnx/medical/perturbations_0.onnx,vnnlib/medical/hyperrectangle_1638.vnnlib,20
onnx/ruarobot/perturbations_0.onnx,vnnlib/ruarobot/hyperrectangle_7615.vnnlib,20
onnx/medical/perturbations_0.onnx,vnnlib/medical/hyperrectangle_582.vnnlib,20
onnx/ruarobot/perturbations_0.onnx,vnnlib/ruarobot/hyperrectangle_3819.vnnlib,20
onnx/ruarobot/perturbations_0.onnx,vnnlib/ruarobot/hyperrectangle_5325.vnnlib,20
onnx/ruarobot/perturbations_0.onnx,vnnlib/ruarobot/hyperrectangle_5161.vnnlib,20
onnx/ruarobot/perturbations_0.onnx,vnnlib/ruarobot/hyperrectangle_2326.vnnlib,20
onnx/ruarobot/perturbations_0.onnx,vnnlib/ruarobot/hyperrectangle_7213.vnnlib,20
onnx/ruarobot/perturbations_0.onnx,vnnlib/ruarobot/hyperrectangle_1965.vnnlib,20
onnx/ruarobot/perturbations_0.onnx,vnnlib/ruarobot/hyperrectangle_1656.vnnlib,20
onnx/medical/perturbations_0.onnx,vnnlib/medical/hyperrectangle_2068.vnnlib,20
onnx/ruarobot/perturbations_0.onnx,vnnlib/ruarobot/hyperrectangle_2292.vnnlib,20
onnx/ruarobot/perturbations_0.onnx,vnnlib/ruarobot/hyperrectangle_1832.vnnlib,20
onnx/medical/perturbations_0.onnx,vnnlib/medical/hyperrectangle_1029.vnnlib,20
onnx/medical/perturbations_0.onnx,vnnlib/medical/hyperrectangle_1383.vnnlib,20
onnx/ruarobot/perturbations_0.onnx,vnnlib/ruarobot/hyperrectangle_7557.vnnlib,20
onnx/ruarobot/perturbations_0.onnx,vnnlib/ruarobot/hyperrectangle_5976.vnnlib,20
onnx/ruarobot/perturbations_0.onnx,vnnlib/ruarobot/hyperrectangle_830.vnnlib,20
onnx/ruarobot/perturbations_0.onnx,vnnlib/ruarobot/hyperrectangle_5064.vnnlib,20
onnx/ruarobot/perturbations_0.onnx,vnnlib/ruarobot/hyperrectangle_2676.vnnlib,20
onnx/medical/perturbations_0.onnx,vnnlib/medical/hyperrectangle_2679.vnnlib,20
onnx/medical/perturbations_0.onnx,vnnlib/medical/hyperrectangle_2191.vnnlib,20
onnx/ruarobot/perturbations_0.onnx,vnnlib/ruarobot/hyperrectangle_592.vnnlib,20
onnx/ruarobot/perturbations_0.onnx,vnnlib/ruarobot/hyperrectangle_6827.vnnlib,20
onnx/ruarobot/perturbations_0.onnx,vnnlib/ruarobot/hyperrectangle_1105.vnnlib,20
onnx/medical/perturbations_0.onnx,vnnlib/medical/hyperrectangle_2553.vnnlib,20
onnx/ruarobot/perturbations_0.onnx,vnnlib/ruarobot/hyperrectangle_3946.vnnlib,20
onnx/ruarobot/perturbations_0.onnx,vnnlib/ruarobot/hyperrectangle_3512.vnnlib,20
onnx/ruarobot/perturbations_0.onnx,vnnlib/ruarobot/hyperrectangle_1759.vnnlib,20
onnx/ruarobot/perturbations_0.onnx,vnnlib/ruarobot/hyperrectangle_4420.vnnlib,20
onnx/medical/perturbations_0.onnx,vnnlib/medical/hyperrectangle_1301.vnnlib,20
onnx/medical/perturbations_0.onnx,vnnlib/medical/hyperrectangle_275.vnnlib,20
onnx/ruarobot/perturbations_0.onnx,vnnlib/ruarobot/hyperrectangle_7117.vnnlib,20
onnx/ruarobot/perturbations_0.onnx,vnnlib/ruarobot/hyperrectangle_522.vnnlib,20
onnx/ruarobot/perturbations_0.onnx,vnnlib/ruarobot/hyperrectangle_2124.vnnlib,20
onnx/medical/perturbations_0.onnx,vnnlib/medical/hyperrectangle_2216.vnnlib,20
onnx/medical/perturbations_0.onnx,vnnlib/medical/hyperrectangle_1373.vnnlib,20
onnx/ruarobot/perturbations_0.onnx,vnnlib/ruarobot/hyperrectangle_259.vnnlib,20
onnx/medical/perturbations_0.onnx,vnnlib/medical/hyperrectangle_500.vnnlib,20
onnx/medical/perturbations_0.onnx,vnnlib/medical/hyperrectangle_621.vnnlib,20
onnx/medical/perturbations_0.onnx,vnnlib/medical/hyperrectangle_1320.vnnlib,20
onnx/medical/perturbations_0.onnx,vnnlib/medical/hyperrectangle_2883.vnnlib,20
onnx/ruarobot/perturbations_0.onnx,vnnlib/ruarobot/hyperrectangle_3514.vnnlib,20
onnx/ruarobot/perturbations_0.onnx,vnnlib/ruarobot/hyperrectangle_6088.vnnlib,20
onnx/ruarobot/perturbations_0.onnx,vnnlib/ruarobot/hyperrectangle_2115.vnnlib,20
onnx/medical/perturbations_0.onnx,vnnlib/medical/hyperrectangle_1366.vnnlib,20
onnx/ruarobot/perturbations_0.onnx,vnnlib/ruarobot/hyperrectangle_2797.vnnlib,20
onnx/ruarobot/perturbations_0.onnx,vnnlib/ruarobot/hyperrectangle_7572.vnnlib,20
onnx/ruarobot/perturbations_0.onnx,vnnlib/ruarobot/hyperrectangle_2269.vnnlib,20
onnx/ruarobot/perturbations_0.onnx,vnnlib/ruarobot/hyperrectangle_5744.vnnlib,20
onnx/ruarobot/perturbations_0.onnx,vnnlib/ruarobot/hyperrectangle_5628.vnnlib,20
onnx/medical/perturbations_0.onnx,vnnlib/medical/hyperrectangle_1541.vnnlib,20
onnx/ruarobot/perturbations_0.onnx,vnnlib/ruarobot/hyperrectangle_275.vnnlib,20
onnx/ruarobot/perturbations_0.onnx,vnnlib/ruarobot/hyperrectangle_7743.vnnlib,20
onnx/ruarobot/perturbations_0.onnx,vnnlib/ruarobot/hyperrectangle_2987.vnnlib,20
onnx/ruarobot/perturbations_0.onnx,vnnlib/ruarobot/hyperrectangle_6963.vnnlib,20
onnx/ruarobot/perturbations_0.onnx,vnnlib/ruarobot/hyperrectangle_2659.vnnlib,20
onnx/ruarobot/perturbations_0.onnx,vnnlib/ruarobot/hyperrectangle_6315.vnnlib,20
onnx/ruarobot/perturbations_0.onnx,vnnlib/ruarobot/hyperrectangle_2361.vnnlib,20
onnx/ruarobot/perturbations_0.onnx,vnnlib/ruarobot/hyperrectangle_3371.vnnlib,20
onnx/ruarobot/perturbations_0.onnx,vnnlib/ruarobot/hyperrectangle_5329.vnnlib,20
onnx/medical/perturbations_0.onnx,vnnlib/medical/hyperrectangle_941.vnnlib,20
onnx/medical/perturbations_0.onnx,vnnlib/medical/hyperrectangle_427.vnnlib,20
onnx/ruarobot/perturbations_0.onnx,vnnlib/ruarobot/hyperrectangle_4990.vnnlib,20
onnx/medical/perturbations_0.onnx,vnnlib/medical/hyperrectangle_1667.vnnlib,20
onnx/medical/perturbations_0.onnx,vnnlib/medical/hyperrectangle_2311.vnnlib,20
onnx/ruarobot/perturbations_0.onnx,vnnlib/ruarobot/hyperrectangle_853.vnnlib,20
onnx/medical/perturbations_0.onnx,vnnlib/medical/hyperrectangle_178.vnnlib,20
onnx/ruarobot/perturbations_0.onnx,vnnlib/ruarobot/hyperrectangle_5998.vnnlib,20
onnx/ruarobot/perturbations_0.onnx,vnnlib/ruarobot/hyperrectangle_1560.vnnlib,20
onnx/medical/perturbations_0.onnx,vnnlib/medical/hyperrectangle_2866.vnnlib,20
onnx/ruarobot/perturbations_0.onnx,vnnlib/ruarobot/hyperrectangle_2219.vnnlib,20
onnx/ruarobot/perturbations_0.onnx,vnnlib/ruarobot/hyperrectangle_5771.vnnlib,20
onnx/ruarobot/perturbations_0.onnx,vnnlib/ruarobot/hyperrectangle_7246.vnnlib,20
onnx/ruarobot/perturbations_0.onnx,vnnlib/ruarobot/hyperrectangle_6559.vnnlib,20
onnx/ruarobot/perturbations_0.onnx,vnnlib/ruarobot/hyperrectangle_6880.vnnlib,20
onnx/medical/perturbations_0.onnx,vnnlib/medical/hyperrectangle_202.vnnlib,20
onnx/ruarobot/perturbations_0.onnx,vnnlib/ruarobot/hyperrectangle_4404.vnnlib,20
onnx/ruarobot/perturbations_0.onnx,vnnlib/ruarobot/hyperrectangle_1843.vnnlib,20
onnx/ruarobot/perturbations_0.onnx,vnnlib/ruarobot/hyperrectangle_3308.vnnlib,20
onnx/ruarobot/perturbations_0.onnx,vnnlib/ruarobot/hyperrectangle_289.vnnlib,20
onnx/medical/perturbations_0.onnx,vnnlib/medical/hyperrectangle_616.vnnlib,20
onnx/ruarobot/perturbations_0.onnx,vnnlib/ruarobot/hyperrectangle_5507.vnnlib,20
onnx/ruarobot/perturbations_0.onnx,vnnlib/ruarobot/hyperrectangle_1163.vnnlib,20
onnx/ruarobot/perturbations_0.onnx,vnnlib/ruarobot/hyperrectangle_7120.vnnlib,20
onnx/ruarobot/perturbations_0.onnx,vnnlib/ruarobot/hyperrectangle_670.vnnlib,20
onnx/medical/perturbations_0.onnx,vnnlib/medical/hyperrectangle_2838.vnnlib,20
onnx/ruarobot/perturbations_0.onnx,vnnlib/ruarobot/hyperrectangle_5769.vnnlib,20
onnx/medical/perturbations_0.onnx,vnnlib/medical/hyperrectangle_1627.vnnlib,20
onnx/ruarobot/perturbations_0.onnx,vnnlib/ruarobot/hyperrectangle_4782.vnnlib,20
onnx/ruarobot/perturbations_0.onnx,vnnlib/ruarobot/hyperrectangle_5351.vnnlib,20
onnx/ruarobot/perturbations_0.onnx,vnnlib/ruarobot/hyperrectangle_7568.vnnlib,20
onnx/ruarobot/perturbations_0.onnx,vnnlib/ruarobot/hyperrectangle_4030.vnnlib,20
onnx/medical/perturbations_0.onnx,vnnlib/medical/hyperrectangle_2300.vnnlib,20
onnx/ruarobot/perturbations_0.onnx,vnnlib/ruarobot/hyperrectangle_7753.vnnlib,20
onnx/medical/perturbations_0.onnx,vnnlib/medical/hyperrectangle_632.vnnlib,20
onnx/ruarobot/perturbations_0.onnx,vnnlib/ruarobot/hyperrectangle_5564.vnnlib,20
onnx/ruarobot/perturbations_0.onnx,vnnlib/ruarobot/hyperrectangle_4207.vnnlib,20
onnx/ruarobot/perturbations_0.onnx,vnnlib/ruarobot/hyperrectangle_1533.vnnlib,20
onnx/medical/perturbations_0.onnx,vnnlib/medical/hyperrectangle_17.vnnlib,20
onnx/ruarobot/perturbations_0.onnx,vnnlib/ruarobot/hyperrectangle_335.vnnlib,20
onnx/medical/perturbations_0.onnx,vnnlib/medical/hyperrectangle_430.vnnlib,20
onnx/medical/perturbations_0.onnx,vnnlib/medical/hyperrectangle_512.vnnlib,20
onnx/ruarobot/perturbations_0.onnx,vnnlib/ruarobot/hyperrectangle_1675.vnnlib,20
onnx/ruarobot/perturbations_0.onnx,vnnlib/ruarobot/hyperrectangle_7724.vnnlib,20
onnx/medical/perturbations_0.onnx,vnnlib/medical/hyperrectangle_997.vnnlib,20
onnx/medical/perturbations_0.onnx,vnnlib/medical/hyperrectangle_311.vnnlib,20
onnx/ruarobot/perturbations_0.onnx,vnnlib/ruarobot/hyperrectangle_5534.vnnlib,20
onnx/ruarobot/perturbations_0.onnx,vnnlib/ruarobot/hyperrectangle_595.vnnlib,20
onnx/ruarobot/perturbations_0.onnx,vnnlib/ruarobot/hyperrectangle_5242.vnnlib,20
onnx/ruarobot/perturbations_0.onnx,vnnlib/ruarobot/hyperrectangle_1183.vnnlib,20
onnx/medical/perturbations_0.onnx,vnnlib/medical/hyperrectangle_1908.vnnlib,20
onnx/ruarobot/perturbations_0.onnx,vnnlib/ruarobot/hyperrectangle_5614.vnnlib,20
onnx/ruarobot/perturbations_0.onnx,vnnlib/ruarobot/hyperrectangle_1860.vnnlib,20
onnx/medical/perturbations_0.onnx,vnnlib/medical/hyperrectangle_707.vnnlib,20
onnx/ruarobot/perturbations_0.onnx,vnnlib/ruarobot/hyperrectangle_666.vnnlib,20
onnx/medical/perturbations_0.onnx,vnnlib/medical/hyperrectangle_323.vnnlib,20
onnx/ruarobot/perturbations_0.onnx,vnnlib/ruarobot/hyperrectangle_7400.vnnlib,20
onnx/medical/perturbations_0.onnx,vnnlib/medical/hyperrectangle_1293.vnnlib,20
onnx/medical/perturbations_0.onnx,vnnlib/medical/hyperrectangle_533.vnnlib,20
onnx/medical/perturbations_0.onnx,vnnlib/medical/hyperrectangle_2702.vnnlib,20
onnx/ruarobot/perturbations_0.onnx,vnnlib/ruarobot/hyperrectangle_7906.vnnlib,20
onnx/medical/perturbations_0.onnx,vnnlib/medical/hyperrectangle_152.vnnlib,20
onnx/ruarobot/perturbations_0.onnx,vnnlib/ruarobot/hyperrectangle_2791.vnnlib,20
onnx/ruarobot/perturbations_0.onnx,vnnlib/ruarobot/hyperrectangle_5698.vnnlib,20
onnx/medical/perturbations_0.onnx,vnnlib/medical/hyperrectangle_2830.vnnlib,20
onnx/ruarobot/perturbations_0.onnx,vnnlib/ruarobot/hyperrectangle_3568.vnnlib,20
onnx/medical/perturbations_0.onnx,vnnlib/medical/hyperrectangle_2113.vnnlib,20
onnx/ruarobot/perturbations_0.onnx,vnnlib/ruarobot/hyperrectangle_7898.vnnlib,20
onnx/ruarobot/perturbations_0.onnx,vnnlib/ruarobot/hyperrectangle_2349.vnnlib,20
onnx/ruarobot/perturbations_0.onnx,vnnlib/ruarobot/hyperrectangle_1649.vnnlib,20
onnx/ruarobot/perturbations_0.onnx,vnnlib/ruarobot/hyperrectangle_4625.vnnlib,20
onnx/ruarobot/perturbations_0.onnx,vnnlib/ruarobot/hyperrectangle_41.vnnlib,20
onnx/ruarobot/perturbations_0.onnx,vnnlib/ruarobot/hyperrectangle_886.vnnlib,20
onnx/ruarobot/perturbations_0.onnx,vnnlib/ruarobot/hyperrectangle_4888.vnnlib,20
onnx/ruarobot/perturbations_0.onnx,vnnlib/ruarobot/hyperrectangle_1916.vnnlib,20
onnx/ruarobot/perturbations_0.onnx,vnnlib/ruarobot/hyperrectangle_4958.vnnlib,20
onnx/medical/perturbations_0.onnx,vnnlib/medical/hyperrectangle_1111.vnnlib,20
onnx/medical/perturbations_0.onnx,vnnlib/medical/hyperrectangle_904.vnnlib,20
onnx/ruarobot/perturbations_0.onnx,vnnlib/ruarobot/hyperrectangle_2769.vnnlib,20
onnx/ruarobot/perturbations_0.onnx,vnnlib/ruarobot/hyperrectangle_2696.vnnlib,20
onnx/ruarobot/perturbations_0.onnx,vnnlib/ruarobot/hyperrectangle_4488.vnnlib,20
onnx/medical/perturbations_0.onnx,vnnlib/medical/hyperrectangle_408.vnnlib,20
onnx/medical/perturbations_0.onnx,vnnlib/medical/hyperrectangle_1389.vnnlib,20
onnx/ruarobot/perturbations_0.onnx,vnnlib/ruarobot/hyperrectangle_3052.vnnlib,20
onnx/ruarobot/perturbations_0.onnx,vnnlib/ruarobot/hyperrectangle_6222.vnnlib,20
onnx/ruarobot/perturbations_0.onnx,vnnlib/ruarobot/hyperrectangle_6750.vnnlib,20
onnx/ruarobot/perturbations_0.onnx,vnnlib/ruarobot/hyperrectangle_443.vnnlib,20
onnx/ruarobot/perturbations_0.onnx,vnnlib/ruarobot/hyperrectangle_6735.vnnlib,20
onnx/ruarobot/perturbations_0.onnx,vnnlib/ruarobot/hyperrectangle_1800.vnnlib,20
onnx/medical/perturbations_0.onnx,vnnlib/medical/hyperrectangle_362.vnnlib,20
onnx/ruarobot/perturbations_0.onnx,vnnlib/ruarobot/hyperrectangle_7665.vnnlib,20
onnx/ruarobot/perturbations_0.onnx,vnnlib/ruarobot/hyperrectangle_2723.vnnlib,20
onnx/ruarobot/perturbations_0.onnx,vnnlib/ruarobot/hyperrectangle_5798.vnnlib,20
onnx/ruarobot/perturbations_0.onnx,vnnlib/ruarobot/hyperrectangle_1154.vnnlib,20
onnx/medical/perturbations_0.onnx,vnnlib/medical/hyperrectangle_1342.vnnlib,20
onnx/ruarobot/perturbations_0.onnx,vnnlib/ruarobot/hyperrectangle_217.vnnlib,20
onnx/ruarobot/perturbations_0.onnx,vnnlib/ruarobot/hyperrectangle_1593.vnnlib,20
onnx/ruarobot/perturbations_0.onnx,vnnlib/ruarobot/hyperrectangle_3169.vnnlib,20
onnx/medical/perturbations_0.onnx,vnnlib/medical/hyperrectangle_748.vnnlib,20
onnx/medical/perturbations_0.onnx,vnnlib/medical/hyperrectangle_1349.vnnlib,20
onnx/ruarobot/perturbations_0.onnx,vnnlib/ruarobot/hyperrectangle_7925.vnnlib,20
onnx/medical/perturbations_0.onnx,vnnlib/medical/hyperrectangle_1232.vnnlib,20
onnx/ruarobot/perturbations_0.onnx,vnnlib/ruarobot/hyperrectangle_811.vnnlib,20
onnx/medical/perturbations_0.onnx,vnnlib/medical/hyperrectangle_2849.vnnlib,20
onnx/ruarobot/perturbations_0.onnx,vnnlib/ruarobot/hyperrectangle_642.vnnlib,20
onnx/ruarobot/perturbations_0.onnx,vnnlib/ruarobot/hyperrectangle_61.vnnlib,20
onnx/ruarobot/perturbations_0.onnx,vnnlib/ruarobot/hyperrectangle_5759.vnnlib,20
onnx/ruarobot/perturbations_0.onnx,vnnlib/ruarobot/hyperrectangle_5501.vnnlib,20
onnx/ruarobot/perturbations_0.onnx,vnnlib/ruarobot/hyperrectangle_5413.vnnlib,20
onnx/ruarobot/perturbations_0.onnx,vnnlib/ruarobot/hyperrectangle_200.vnnlib,20
onnx/ruarobot/perturbations_0.onnx,vnnlib/ruarobot/hyperrectangle_570.vnnlib,20
onnx/medical/perturbations_0.onnx,vnnlib/medical/hyperrectangle_2342.vnnlib,20
onnx/ruarobot/perturbations_0.onnx,vnnlib/ruarobot/hyperrectangle_1302.vnnlib,20
onnx/ruarobot/perturbations_0.onnx,vnnlib/ruarobot/hyperrectangle_3809.vnnlib,20
onnx/ruarobot/perturbations_0.onnx,vnnlib/ruarobot/hyperrectangle_6690.vnnlib,20
onnx/ruarobot/perturbations_0.onnx,vnnlib/ruarobot/hyperrectangle_1330.vnnlib,20
