onnx/sat_v33_c65_k0.onnx,vnnlib/sat_v33_c65_k0.vnnlib,100
onnx/unsat_v33_c65_k1.onnx,vnnlib/unsat_v33_c65_k1.vnnlib,100
onnx/sat_v57_c424_k2.onnx,vnnlib/sat_v57_c424_k2.vnnlib,100
onnx/unsat_v57_c424_k3.onnx,vnnlib/unsat_v57_c424_k3.vnnlib,100
onnx/sat_v98_c443_k4.onnx,vnnlib/sat_v98_c443_k4.vnnlib,100
onnx/unsat_v98_c443_k5.onnx,vnnlib/unsat_v98_c443_k5.vnnlib,100
onnx/sat_v5_c11_k6.onnx,vnnlib/sat_v5_c11_k6.vnnlib,100
onnx/unsat_v5_c13_k7.onnx,vnnlib/unsat_v5_c13_k7.vnnlib,100
onnx/sat_v61_c460_k8.onnx,vnnlib/sat_v61_c460_k8.vnnlib,100
onnx/unsat_v61_c460_k9.onnx,vnnlib/unsat_v61_c460_k9.vnnlib,100
onnx/sat_v76_c439_k10.onnx,vnnlib/sat_v76_c439_k10.vnnlib,100
onnx/unsat_v76_c439_k11.onnx,vnnlib/unsat_v76_c439_k11.vnnlib,100
onnx/sat_v55_c300_k12.onnx,vnnlib/sat_v55_c300_k12.vnnlib,100
onnx/unsat_v55_c300_k13.onnx,vnnlib/unsat_v55_c300_k13.vnnlib,100
onnx/sat_v41_c277_k14.onnx,vnnlib/sat_v41_c277_k14.vnnlib,100
onnx/unsat_v41_c278_k15.onnx,vnnlib/unsat_v41_c278_k15.vnnlib,100
onnx/sat_v88_c223_k16.onnx,vnnlib/sat_v88_c223_k16.vnnlib,100
onnx/unsat_v88_c223_k17.onnx,vnnlib/unsat_v88_c223_k17.vnnlib,100
onnx/sat_v45_c132_k18.onnx,vnnlib/sat_v45_c132_k18.vnnlib,100
onnx/unsat_v45_c132_k19.onnx,vnnlib/unsat_v45_c132_k19.vnnlib,100
onnx/sat_v21_c184_k20.onnx,vnnlib/sat_v21_c184_k20.vnnlib,100
onnx/unsat_v21_c184_k21.onnx,vnnlib/unsat_v21_c184_k21.vnnlib,100
onnx/sat_v83_c110_k22.onnx,vnnlib/sat_v83_c110_k22.vnnlib,100
onnx/unsat_v83_c110_k23.onnx,vnnlib/unsat_v83_c110_k23.vnnlib,100
onnx/sat_v22_c145_k24.onnx,vnnlib/sat_v22_c145_k24.vnnlib,100
onnx/unsat_v22_c145_k25.onnx,vnnlib/unsat_v22_c145_k25.vnnlib,100
onnx/sat_v28_c96_k26.onnx,vnnlib/sat_v28_c96_k26.vnnlib,100
onnx/unsat_v28_c96_k27.onnx,vnnlib/unsat_v28_c96_k27.vnnlib,100
onnx/sat_v45_c301_k28.onnx,vnnlib/sat_v45_c301_k28.vnnlib,100
onnx/unsat_v45_c301_k29.onnx,vnnlib/unsat_v45_c301_k29.vnnlib,100
onnx/sat_v40_c364_k30.onnx,vnnlib/sat_v40_c364_k30.vnnlib,100
onnx/unsat_v40_c364_k31.onnx,vnnlib/unsat_v40_c364_k31.vnnlib,100
onnx/sat_v30_c99_k32.onnx,vnnlib/sat_v30_c99_k32.vnnlib,100
onnx/unsat_v30_c99_k33.onnx,vnnlib/unsat_v30_c99_k33.vnnlib,100
onnx/sat_v69_c389_k34.onnx,vnnlib/sat_v69_c389_k34.vnnlib,100
onnx/unsat_v69_c389_k35.onnx,vnnlib/unsat_v69_c389_k35.vnnlib,100
onnx/sat_v65_c612_k36.onnx,vnnlib/sat_v65_c612_k36.vnnlib,100
onnx/unsat_v65_c612_k37.onnx,vnnlib/unsat_v65_c612_k37.vnnlib,100
onnx/sat_v13_c81_k38.onnx,vnnlib/sat_v13_c81_k38.vnnlib,100
onnx/unsat_v13_c81_k39.onnx,vnnlib/unsat_v13_c81_k39.vnnlib,100
onnx/sat_v5_c30_k40.onnx,vnnlib/sat_v5_c30_k40.vnnlib,100
onnx/unsat_v5_c32_k41.onnx,vnnlib/unsat_v5_c32_k41.vnnlib,100
onnx/sat_v75_c364_k42.onnx,vnnlib/sat_v75_c364_k42.vnnlib,100
onnx/unsat_v75_c364_k43.onnx,vnnlib/unsat_v75_c364_k43.vnnlib,100
onnx/sat_v56_c558_k44.onnx,vnnlib/sat_v56_c558_k44.vnnlib,100
onnx/unsat_v56_c558_k45.onnx,vnnlib/unsat_v56_c558_k45.vnnlib,100
onnx/sat_v20_c151_k46.onnx,vnnlib/sat_v20_c151_k46.vnnlib,100
onnx/unsat_v20_c153_k47.onnx,vnnlib/unsat_v20_c153_k47.vnnlib,100
onnx/sat_v67_c293_k48.onnx,vnnlib/sat_v67_c293_k48.vnnlib,100
onnx/unsat_v67_c293_k49.onnx,vnnlib/unsat_v67_c293_k49.vnnlib,100
onnx/sat_v19_c52_k50.onnx,vnnlib/sat_v19_c52_k50.vnnlib,100
onnx/unsat_v19_c52_k51.onnx,vnnlib/unsat_v19_c52_k51.vnnlib,100
onnx/sat_v64_c438_k52.onnx,vnnlib/sat_v64_c438_k52.vnnlib,100
onnx/unsat_v64_c438_k53.onnx,vnnlib/unsat_v64_c438_k53.vnnlib,100
onnx/sat_v16_c115_k54.onnx,vnnlib/sat_v16_c115_k54.vnnlib,100
onnx/unsat_v16_c116_k55.onnx,vnnlib/unsat_v16_c116_k55.vnnlib,100
onnx/sat_v65_c521_k56.onnx,vnnlib/sat_v65_c521_k56.vnnlib,100
onnx/unsat_v65_c521_k57.onnx,vnnlib/unsat_v65_c521_k57.vnnlib,100
onnx/sat_v88_c343_k58.onnx,vnnlib/sat_v88_c343_k58.vnnlib,100
onnx/unsat_v88_c343_k59.onnx,vnnlib/unsat_v88_c343_k59.vnnlib,100
onnx/sat_v48_c49_k60.onnx,vnnlib/sat_v48_c49_k60.vnnlib,100
onnx/unsat_v48_c49_k61.onnx,vnnlib/unsat_v48_c49_k61.vnnlib,100
onnx/sat_v17_c104_k62.onnx,vnnlib/sat_v17_c104_k62.vnnlib,100
onnx/unsat_v17_c104_k63.onnx,vnnlib/unsat_v17_c104_k63.vnnlib,100
onnx/sat_v28_c60_k64.onnx,vnnlib/sat_v28_c60_k64.vnnlib,100
onnx/unsat_v28_c60_k65.onnx,vnnlib/unsat_v28_c60_k65.vnnlib,100
onnx/sat_v89_c473_k66.onnx,vnnlib/sat_v89_c473_k66.vnnlib,100
onnx/unsat_v89_c473_k67.onnx,vnnlib/unsat_v89_c473_k67.vnnlib,100
onnx/sat_v16_c87_k68.onnx,vnnlib/sat_v16_c87_k68.vnnlib,100
onnx/unsat_v16_c88_k69.onnx,vnnlib/unsat_v16_c88_k69.vnnlib,100
onnx/sat_v52_c197_k70.onnx,vnnlib/sat_v52_c197_k70.vnnlib,100
onnx/unsat_v52_c197_k71.onnx,vnnlib/unsat_v52_c197_k71.vnnlib,100
onnx/sat_v62_c107_k72.onnx,vnnlib/sat_v62_c107_k72.vnnlib,100
onnx/unsat_v62_c107_k73.onnx,vnnlib/unsat_v62_c107_k73.vnnlib,100
onnx/sat_v53_c369_k74.onnx,vnnlib/sat_v53_c369_k74.vnnlib,100
onnx/unsat_v53_c369_k75.onnx,vnnlib/unsat_v53_c369_k75.vnnlib,100
onnx/sat_v24_c214_k76.onnx,vnnlib/sat_v24_c214_k76.vnnlib,100
onnx/unsat_v24_c214_k77.onnx,vnnlib/unsat_v24_c214_k77.vnnlib,100
onnx/sat_v23_c84_k78.onnx,vnnlib/sat_v23_c84_k78.vnnlib,100
onnx/unsat_v23_c84_k79.onnx,vnnlib/unsat_v23_c84_k79.vnnlib,100
onnx/sat_v38_c271_k80.onnx,vnnlib/sat_v38_c271_k80.vnnlib,100
onnx/unsat_v38_c271_k81.onnx,vnnlib/unsat_v38_c271_k81.vnnlib,100
onnx/sat_v18_c52_k82.onnx,vnnlib/sat_v18_c52_k82.vnnlib,100
onnx/unsat_v18_c52_k83.onnx,vnnlib/unsat_v18_c52_k83.vnnlib,100
onnx/sat_v57_c323_k84.onnx,vnnlib/sat_v57_c323_k84.vnnlib,100
onnx/unsat_v57_c323_k85.onnx,vnnlib/unsat_v57_c323_k85.vnnlib,100
onnx/sat_v93_c190_k86.onnx,vnnlib/sat_v93_c190_k86.vnnlib,100
onnx/unsat_v93_c190_k87.onnx,vnnlib/unsat_v93_c190_k87.vnnlib,100
onnx/sat_v46_c252_k88.onnx,vnnlib/sat_v46_c252_k88.vnnlib,100
onnx/unsat_v46_c252_k89.onnx,vnnlib/unsat_v46_c252_k89.vnnlib,100
onnx/sat_v60_c194_k90.onnx,vnnlib/sat_v60_c194_k90.vnnlib,100
onnx/unsat_v60_c194_k91.onnx,vnnlib/unsat_v60_c194_k91.vnnlib,100
onnx/sat_v19_c102_k92.onnx,vnnlib/sat_v19_c102_k92.vnnlib,100
onnx/unsat_v19_c102_k93.onnx,vnnlib/unsat_v19_c102_k93.vnnlib,100
onnx/sat_v60_c71_k94.onnx,vnnlib/sat_v60_c71_k94.vnnlib,100
onnx/unsat_v60_c71_k95.onnx,vnnlib/unsat_v60_c71_k95.vnnlib,100
onnx/sat_v78_c131_k96.onnx,vnnlib/sat_v78_c131_k96.vnnlib,100
onnx/unsat_v78_c131_k97.onnx,vnnlib/unsat_v78_c131_k97.vnnlib,100
onnx/sat_v72_c334_k98.onnx,vnnlib/sat_v72_c334_k98.vnnlib,100
onnx/unsat_v72_c334_k99.onnx,vnnlib/unsat_v72_c334_k99.vnnlib,100
