onnx/CIFAR100_resnet_medium.onnx,vnnlib/CIFAR100_resnet_medium_prop_idx_5130_sidx_3546_eps_0.0039.vnnlib,100
onnx/CIFAR100_resnet_medium.onnx,vnnlib/CIFAR100_resnet_medium_prop_idx_4907_sidx_8745_eps_0.0039.vnnlib,100
onnx/CIFAR100_resnet_medium.onnx,vnnlib/CIFAR100_resnet_medium_prop_idx_4329_sidx_5838_eps_0.0039.vnnlib,100
onnx/CIFAR100_resnet_medium.onnx,vnnlib/CIFAR100_resnet_medium_prop_idx_9137_sidx_7364_eps_0.0039.vnnlib,100
onnx/CIFAR100_resnet_medium.onnx,vnnlib/CIFAR100_resnet_medium_prop_idx_3449_sidx_4873_eps_0.0039.vnnlib,100
onnx/CIFAR100_resnet_medium.onnx,vnnlib/CIFAR100_resnet_medium_prop_idx_9620_sidx_2024_eps_0.0039.vnnlib,100
onnx/CIFAR100_resnet_medium.onnx,vnnlib/CIFAR100_resnet_medium_prop_idx_588_sidx_7309_eps_0.0039.vnnlib,100
onnx/CIFAR100_resnet_medium.onnx,vnnlib/CIFAR100_resnet_medium_prop_idx_8581_sidx_8048_eps_0.0039.vnnlib,100
onnx/CIFAR100_resnet_medium.onnx,vnnlib/CIFAR100_resnet_medium_prop_idx_9228_sidx_3566_eps_0.0039.vnnlib,100
onnx/CIFAR100_resnet_medium.onnx,vnnlib/CIFAR100_resnet_medium_prop_idx_3263_sidx_5949_eps_0.0039.vnnlib,100
onnx/CIFAR100_resnet_medium.onnx,vnnlib/CIFAR100_resnet_medium_prop_idx_3015_sidx_2719_eps_0.0039.vnnlib,100
onnx/CIFAR100_resnet_medium.onnx,vnnlib/CIFAR100_resnet_medium_prop_idx_7218_sidx_5543_eps_0.0039.vnnlib,100
onnx/CIFAR100_resnet_medium.onnx,vnnlib/CIFAR100_resnet_medium_prop_idx_537_sidx_544_eps_0.0039.vnnlib,100
onnx/CIFAR100_resnet_medium.onnx,vnnlib/CIFAR100_resnet_medium_prop_idx_23_sidx_8079_eps_0.0039.vnnlib,100
onnx/CIFAR100_resnet_medium.onnx,vnnlib/CIFAR100_resnet_medium_prop_idx_1948_sidx_5120_eps_0.0039.vnnlib,100
onnx/CIFAR100_resnet_medium.onnx,vnnlib/CIFAR100_resnet_medium_prop_idx_6808_sidx_4725_eps_0.0039.vnnlib,100
onnx/CIFAR100_resnet_medium.onnx,vnnlib/CIFAR100_resnet_medium_prop_idx_1139_sidx_7939_eps_0.0039.vnnlib,100
onnx/CIFAR100_resnet_medium.onnx,vnnlib/CIFAR100_resnet_medium_prop_idx_9978_sidx_2382_eps_0.0039.vnnlib,100
onnx/CIFAR100_resnet_medium.onnx,vnnlib/CIFAR100_resnet_medium_prop_idx_2475_sidx_523_eps_0.0039.vnnlib,100
onnx/CIFAR100_resnet_medium.onnx,vnnlib/CIFAR100_resnet_medium_prop_idx_9528_sidx_28_eps_0.0039.vnnlib,100
onnx/CIFAR100_resnet_medium.onnx,vnnlib/CIFAR100_resnet_medium_prop_idx_9942_sidx_5255_eps_0.0039.vnnlib,100
onnx/CIFAR100_resnet_medium.onnx,vnnlib/CIFAR100_resnet_medium_prop_idx_1736_sidx_8573_eps_0.0039.vnnlib,100
onnx/CIFAR100_resnet_medium.onnx,vnnlib/CIFAR100_resnet_medium_prop_idx_7315_sidx_5135_eps_0.0039.vnnlib,100
onnx/CIFAR100_resnet_medium.onnx,vnnlib/CIFAR100_resnet_medium_prop_idx_6020_sidx_4931_eps_0.0039.vnnlib,100
onnx/CIFAR100_resnet_medium.onnx,vnnlib/CIFAR100_resnet_medium_prop_idx_2303_sidx_2211_eps_0.0039.vnnlib,100
onnx/CIFAR100_resnet_medium.onnx,vnnlib/CIFAR100_resnet_medium_prop_idx_955_sidx_7389_eps_0.0039.vnnlib,100
onnx/CIFAR100_resnet_medium.onnx,vnnlib/CIFAR100_resnet_medium_prop_idx_2176_sidx_3285_eps_0.0039.vnnlib,100
onnx/CIFAR100_resnet_medium.onnx,vnnlib/CIFAR100_resnet_medium_prop_idx_4164_sidx_3458_eps_0.0039.vnnlib,100
onnx/CIFAR100_resnet_medium.onnx,vnnlib/CIFAR100_resnet_medium_prop_idx_150_sidx_8941_eps_0.0039.vnnlib,100
onnx/CIFAR100_resnet_medium.onnx,vnnlib/CIFAR100_resnet_medium_prop_idx_2956_sidx_3818_eps_0.0039.vnnlib,100
onnx/CIFAR100_resnet_medium.onnx,vnnlib/CIFAR100_resnet_medium_prop_idx_7034_sidx_4129_eps_0.0039.vnnlib,100
onnx/CIFAR100_resnet_medium.onnx,vnnlib/CIFAR100_resnet_medium_prop_idx_4324_sidx_8883_eps_0.0039.vnnlib,100
onnx/CIFAR100_resnet_medium.onnx,vnnlib/CIFAR100_resnet_medium_prop_idx_7291_sidx_1429_eps_0.0039.vnnlib,100
onnx/CIFAR100_resnet_medium.onnx,vnnlib/CIFAR100_resnet_medium_prop_idx_8629_sidx_338_eps_0.0039.vnnlib,100
onnx/CIFAR100_resnet_medium.onnx,vnnlib/CIFAR100_resnet_medium_prop_idx_1979_sidx_1996_eps_0.0039.vnnlib,100
onnx/CIFAR100_resnet_medium.onnx,vnnlib/CIFAR100_resnet_medium_prop_idx_145_sidx_1451_eps_0.0039.vnnlib,100
onnx/CIFAR100_resnet_medium.onnx,vnnlib/CIFAR100_resnet_medium_prop_idx_8783_sidx_9385_eps_0.0039.vnnlib,100
onnx/CIFAR100_resnet_medium.onnx,vnnlib/CIFAR100_resnet_medium_prop_idx_2048_sidx_7686_eps_0.0039.vnnlib,100
onnx/CIFAR100_resnet_medium.onnx,vnnlib/CIFAR100_resnet_medium_prop_idx_6522_sidx_4051_eps_0.0039.vnnlib,100
onnx/CIFAR100_resnet_medium.onnx,vnnlib/CIFAR100_resnet_medium_prop_idx_814_sidx_2229_eps_0.0039.vnnlib,100
onnx/CIFAR100_resnet_medium.onnx,vnnlib/CIFAR100_resnet_medium_prop_idx_5523_sidx_8483_eps_0.0039.vnnlib,100
onnx/CIFAR100_resnet_medium.onnx,vnnlib/CIFAR100_resnet_medium_prop_idx_8519_sidx_5507_eps_0.0039.vnnlib,100
onnx/CIFAR100_resnet_medium.onnx,vnnlib/CIFAR100_resnet_medium_prop_idx_5634_sidx_9441_eps_0.0039.vnnlib,100
onnx/CIFAR100_resnet_medium.onnx,vnnlib/CIFAR100_resnet_medium_prop_idx_1852_sidx_4437_eps_0.0039.vnnlib,100
onnx/CIFAR100_resnet_medium.onnx,vnnlib/CIFAR100_resnet_medium_prop_idx_1127_sidx_9350_eps_0.0039.vnnlib,100
onnx/CIFAR100_resnet_medium.onnx,vnnlib/CIFAR100_resnet_medium_prop_idx_5348_sidx_9358_eps_0.0039.vnnlib,100
onnx/CIFAR100_resnet_medium.onnx,vnnlib/CIFAR100_resnet_medium_prop_idx_292_sidx_4730_eps_0.0039.vnnlib,100
onnx/CIFAR100_resnet_medium.onnx,vnnlib/CIFAR100_resnet_medium_prop_idx_8150_sidx_8321_eps_0.0039.vnnlib,100
onnx/CIFAR100_resnet_medium.onnx,vnnlib/CIFAR100_resnet_medium_prop_idx_5158_sidx_5118_eps_0.0039.vnnlib,100
onnx/CIFAR100_resnet_medium.onnx,vnnlib/CIFAR100_resnet_medium_prop_idx_9653_sidx_4967_eps_0.0039.vnnlib,100
onnx/CIFAR100_resnet_medium.onnx,vnnlib/CIFAR100_resnet_medium_prop_idx_9778_sidx_7516_eps_0.0039.vnnlib,100
onnx/CIFAR100_resnet_medium.onnx,vnnlib/CIFAR100_resnet_medium_prop_idx_6010_sidx_5369_eps_0.0039.vnnlib,100
onnx/CIFAR100_resnet_medium.onnx,vnnlib/CIFAR100_resnet_medium_prop_idx_4062_sidx_7363_eps_0.0039.vnnlib,100
onnx/CIFAR100_resnet_medium.onnx,vnnlib/CIFAR100_resnet_medium_prop_idx_8716_sidx_7618_eps_0.0039.vnnlib,100
onnx/CIFAR100_resnet_medium.onnx,vnnlib/CIFAR100_resnet_medium_prop_idx_7976_sidx_698_eps_0.0039.vnnlib,100
onnx/CIFAR100_resnet_medium.onnx,vnnlib/CIFAR100_resnet_medium_prop_idx_9321_sidx_4682_eps_0.0039.vnnlib,100
onnx/CIFAR100_resnet_medium.onnx,vnnlib/CIFAR100_resnet_medium_prop_idx_5423_sidx_1408_eps_0.0039.vnnlib,100
onnx/CIFAR100_resnet_medium.onnx,vnnlib/CIFAR100_resnet_medium_prop_idx_4027_sidx_6426_eps_0.0039.vnnlib,100
onnx/CIFAR100_resnet_medium.onnx,vnnlib/CIFAR100_resnet_medium_prop_idx_8134_sidx_6598_eps_0.0039.vnnlib,100
onnx/CIFAR100_resnet_medium.onnx,vnnlib/CIFAR100_resnet_medium_prop_idx_918_sidx_6810_eps_0.0039.vnnlib,100
onnx/CIFAR100_resnet_medium.onnx,vnnlib/CIFAR100_resnet_medium_prop_idx_6292_sidx_5430_eps_0.0039.vnnlib,100
onnx/CIFAR100_resnet_medium.onnx,vnnlib/CIFAR100_resnet_medium_prop_idx_2852_sidx_5192_eps_0.0039.vnnlib,100
onnx/CIFAR100_resnet_medium.onnx,vnnlib/CIFAR100_resnet_medium_prop_idx_6860_sidx_7580_eps_0.0039.vnnlib,100
onnx/CIFAR100_resnet_medium.onnx,vnnlib/CIFAR100_resnet_medium_prop_idx_4060_sidx_4985_eps_0.0039.vnnlib,100
onnx/CIFAR100_resnet_medium.onnx,vnnlib/CIFAR100_resnet_medium_prop_idx_3269_sidx_6816_eps_0.0039.vnnlib,100
onnx/CIFAR100_resnet_medium.onnx,vnnlib/CIFAR100_resnet_medium_prop_idx_1676_sidx_8563_eps_0.0039.vnnlib,100
onnx/CIFAR100_resnet_medium.onnx,vnnlib/CIFAR100_resnet_medium_prop_idx_5493_sidx_8101_eps_0.0039.vnnlib,100
onnx/CIFAR100_resnet_medium.onnx,vnnlib/CIFAR100_resnet_medium_prop_idx_8179_sidx_2885_eps_0.0039.vnnlib,100
onnx/CIFAR100_resnet_medium.onnx,vnnlib/CIFAR100_resnet_medium_prop_idx_2742_sidx_4850_eps_0.0039.vnnlib,100
onnx/CIFAR100_resnet_medium.onnx,vnnlib/CIFAR100_resnet_medium_prop_idx_767_sidx_8034_eps_0.0039.vnnlib,100
onnx/CIFAR100_resnet_medium.onnx,vnnlib/CIFAR100_resnet_medium_prop_idx_6743_sidx_1712_eps_0.0039.vnnlib,100
onnx/CIFAR100_resnet_medium.onnx,vnnlib/CIFAR100_resnet_medium_prop_idx_1270_sidx_418_eps_0.0039.vnnlib,100
onnx/CIFAR100_resnet_medium.onnx,vnnlib/CIFAR100_resnet_medium_prop_idx_116_sidx_8002_eps_0.0039.vnnlib,100
onnx/CIFAR100_resnet_medium.onnx,vnnlib/CIFAR100_resnet_medium_prop_idx_3651_sidx_6774_eps_0.0039.vnnlib,100
onnx/CIFAR100_resnet_medium.onnx,vnnlib/CIFAR100_resnet_medium_prop_idx_2108_sidx_6460_eps_0.0039.vnnlib,100
onnx/CIFAR100_resnet_medium.onnx,vnnlib/CIFAR100_resnet_medium_prop_idx_9627_sidx_7388_eps_0.0039.vnnlib,100
onnx/CIFAR100_resnet_medium.onnx,vnnlib/CIFAR100_resnet_medium_prop_idx_2380_sidx_5788_eps_0.0039.vnnlib,100
onnx/CIFAR100_resnet_medium.onnx,vnnlib/CIFAR100_resnet_medium_prop_idx_6583_sidx_8860_eps_0.0039.vnnlib,100
onnx/CIFAR100_resnet_medium.onnx,vnnlib/CIFAR100_resnet_medium_prop_idx_2477_sidx_388_eps_0.0039.vnnlib,100
onnx/CIFAR100_resnet_medium.onnx,vnnlib/CIFAR100_resnet_medium_prop_idx_7372_sidx_6833_eps_0.0039.vnnlib,100
onnx/CIFAR100_resnet_medium.onnx,vnnlib/CIFAR100_resnet_medium_prop_idx_8638_sidx_3062_eps_0.0039.vnnlib,100
onnx/CIFAR100_resnet_medium.onnx,vnnlib/CIFAR100_resnet_medium_prop_idx_3546_sidx_6248_eps_0.0039.vnnlib,100
onnx/CIFAR100_resnet_medium.onnx,vnnlib/CIFAR100_resnet_medium_prop_idx_3443_sidx_918_eps_0.0039.vnnlib,100
onnx/CIFAR100_resnet_medium.onnx,vnnlib/CIFAR100_resnet_medium_prop_idx_3891_sidx_62_eps_0.0039.vnnlib,100
onnx/CIFAR100_resnet_medium.onnx,vnnlib/CIFAR100_resnet_medium_prop_idx_444_sidx_3831_eps_0.0039.vnnlib,100
onnx/CIFAR100_resnet_medium.onnx,vnnlib/CIFAR100_resnet_medium_prop_idx_1579_sidx_3635_eps_0.0039.vnnlib,100
onnx/CIFAR100_resnet_medium.onnx,vnnlib/CIFAR100_resnet_medium_prop_idx_3731_sidx_4544_eps_0.0039.vnnlib,100
onnx/CIFAR100_resnet_medium.onnx,vnnlib/CIFAR100_resnet_medium_prop_idx_9598_sidx_4181_eps_0.0039.vnnlib,100
onnx/CIFAR100_resnet_medium.onnx,vnnlib/CIFAR100_resnet_medium_prop_idx_328_sidx_759_eps_0.0039.vnnlib,100
onnx/CIFAR100_resnet_medium.onnx,vnnlib/CIFAR100_resnet_medium_prop_idx_9630_sidx_8710_eps_0.0039.vnnlib,100
onnx/CIFAR100_resnet_medium.onnx,vnnlib/CIFAR100_resnet_medium_prop_idx_8596_sidx_596_eps_0.0039.vnnlib,100
onnx/CIFAR100_resnet_medium.onnx,vnnlib/CIFAR100_resnet_medium_prop_idx_7731_sidx_912_eps_0.0039.vnnlib,100
onnx/CIFAR100_resnet_medium.onnx,vnnlib/CIFAR100_resnet_medium_prop_idx_8635_sidx_6115_eps_0.0039.vnnlib,100
onnx/CIFAR100_resnet_medium.onnx,vnnlib/CIFAR100_resnet_medium_prop_idx_3483_sidx_2575_eps_0.0039.vnnlib,100
onnx/CIFAR100_resnet_medium.onnx,vnnlib/CIFAR100_resnet_medium_prop_idx_4645_sidx_733_eps_0.0039.vnnlib,100
onnx/CIFAR100_resnet_medium.onnx,vnnlib/CIFAR100_resnet_medium_prop_idx_4597_sidx_282_eps_0.0039.vnnlib,100
onnx/CIFAR100_resnet_medium.onnx,vnnlib/CIFAR100_resnet_medium_prop_idx_5955_sidx_1517_eps_0.0039.vnnlib,100
onnx/CIFAR100_resnet_medium.onnx,vnnlib/CIFAR100_resnet_medium_prop_idx_8208_sidx_8378_eps_0.0039.vnnlib,100
onnx/CIFAR100_resnet_medium.onnx,vnnlib/CIFAR100_resnet_medium_prop_idx_4709_sidx_8110_eps_0.0039.vnnlib,100
onnx/CIFAR100_resnet_medium.onnx,vnnlib/CIFAR100_resnet_medium_prop_idx_9923_sidx_9126_eps_0.0039.vnnlib,100
onnx/CIFAR100_resnet_large.onnx,vnnlib/CIFAR100_resnet_large_prop_idx_2952_sidx_6665_eps_0.0039.vnnlib,100
onnx/CIFAR100_resnet_large.onnx,vnnlib/CIFAR100_resnet_large_prop_idx_1722_sidx_1817_eps_0.0039.vnnlib,100
onnx/CIFAR100_resnet_large.onnx,vnnlib/CIFAR100_resnet_large_prop_idx_7040_sidx_7018_eps_0.0039.vnnlib,100
onnx/CIFAR100_resnet_large.onnx,vnnlib/CIFAR100_resnet_large_prop_idx_7405_sidx_3768_eps_0.0039.vnnlib,100
onnx/CIFAR100_resnet_large.onnx,vnnlib/CIFAR100_resnet_large_prop_idx_6749_sidx_3595_eps_0.0039.vnnlib,100
onnx/CIFAR100_resnet_large.onnx,vnnlib/CIFAR100_resnet_large_prop_idx_6945_sidx_8937_eps_0.0039.vnnlib,100
onnx/CIFAR100_resnet_large.onnx,vnnlib/CIFAR100_resnet_large_prop_idx_6545_sidx_1243_eps_0.0039.vnnlib,100
onnx/CIFAR100_resnet_large.onnx,vnnlib/CIFAR100_resnet_large_prop_idx_2479_sidx_2028_eps_0.0039.vnnlib,100
onnx/CIFAR100_resnet_large.onnx,vnnlib/CIFAR100_resnet_large_prop_idx_3668_sidx_8007_eps_0.0039.vnnlib,100
onnx/CIFAR100_resnet_large.onnx,vnnlib/CIFAR100_resnet_large_prop_idx_9490_sidx_182_eps_0.0039.vnnlib,100
onnx/CIFAR100_resnet_large.onnx,vnnlib/CIFAR100_resnet_large_prop_idx_8779_sidx_1324_eps_0.0039.vnnlib,100
onnx/CIFAR100_resnet_large.onnx,vnnlib/CIFAR100_resnet_large_prop_idx_6865_sidx_3454_eps_0.0039.vnnlib,100
onnx/CIFAR100_resnet_large.onnx,vnnlib/CIFAR100_resnet_large_prop_idx_7661_sidx_9992_eps_0.0039.vnnlib,100
onnx/CIFAR100_resnet_large.onnx,vnnlib/CIFAR100_resnet_large_prop_idx_1338_sidx_9158_eps_0.0039.vnnlib,100
onnx/CIFAR100_resnet_large.onnx,vnnlib/CIFAR100_resnet_large_prop_idx_8525_sidx_6905_eps_0.0039.vnnlib,100
onnx/CIFAR100_resnet_large.onnx,vnnlib/CIFAR100_resnet_large_prop_idx_8563_sidx_605_eps_0.0039.vnnlib,100
onnx/CIFAR100_resnet_large.onnx,vnnlib/CIFAR100_resnet_large_prop_idx_7034_sidx_4129_eps_0.0039.vnnlib,100
onnx/CIFAR100_resnet_large.onnx,vnnlib/CIFAR100_resnet_large_prop_idx_4752_sidx_1800_eps_0.0039.vnnlib,100
onnx/CIFAR100_resnet_large.onnx,vnnlib/CIFAR100_resnet_large_prop_idx_4880_sidx_5810_eps_0.0039.vnnlib,100
onnx/CIFAR100_resnet_large.onnx,vnnlib/CIFAR100_resnet_large_prop_idx_2208_sidx_3324_eps_0.0039.vnnlib,100
onnx/CIFAR100_resnet_large.onnx,vnnlib/CIFAR100_resnet_large_prop_idx_5489_sidx_7961_eps_0.0039.vnnlib,100
onnx/CIFAR100_resnet_large.onnx,vnnlib/CIFAR100_resnet_large_prop_idx_2880_sidx_849_eps_0.0039.vnnlib,100
onnx/CIFAR100_resnet_large.onnx,vnnlib/CIFAR100_resnet_large_prop_idx_3599_sidx_3384_eps_0.0039.vnnlib,100
onnx/CIFAR100_resnet_large.onnx,vnnlib/CIFAR100_resnet_large_prop_idx_3426_sidx_2648_eps_0.0039.vnnlib,100
onnx/CIFAR100_resnet_large.onnx,vnnlib/CIFAR100_resnet_large_prop_idx_7778_sidx_7553_eps_0.0039.vnnlib,100
onnx/CIFAR100_resnet_large.onnx,vnnlib/CIFAR100_resnet_large_prop_idx_531_sidx_7040_eps_0.0039.vnnlib,100
onnx/CIFAR100_resnet_large.onnx,vnnlib/CIFAR100_resnet_large_prop_idx_1390_sidx_2537_eps_0.0039.vnnlib,100
onnx/CIFAR100_resnet_large.onnx,vnnlib/CIFAR100_resnet_large_prop_idx_5152_sidx_5513_eps_0.0039.vnnlib,100
onnx/CIFAR100_resnet_large.onnx,vnnlib/CIFAR100_resnet_large_prop_idx_9910_sidx_6663_eps_0.0039.vnnlib,100
onnx/CIFAR100_resnet_large.onnx,vnnlib/CIFAR100_resnet_large_prop_idx_1704_sidx_6572_eps_0.0039.vnnlib,100
onnx/CIFAR100_resnet_large.onnx,vnnlib/CIFAR100_resnet_large_prop_idx_3036_sidx_5839_eps_0.0039.vnnlib,100
onnx/CIFAR100_resnet_large.onnx,vnnlib/CIFAR100_resnet_large_prop_idx_7247_sidx_7033_eps_0.0039.vnnlib,100
onnx/CIFAR100_resnet_large.onnx,vnnlib/CIFAR100_resnet_large_prop_idx_5110_sidx_2356_eps_0.0039.vnnlib,100
onnx/CIFAR100_resnet_large.onnx,vnnlib/CIFAR100_resnet_large_prop_idx_6557_sidx_7869_eps_0.0039.vnnlib,100
onnx/CIFAR100_resnet_large.onnx,vnnlib/CIFAR100_resnet_large_prop_idx_841_sidx_8712_eps_0.0039.vnnlib,100
onnx/CIFAR100_resnet_large.onnx,vnnlib/CIFAR100_resnet_large_prop_idx_8398_sidx_8262_eps_0.0039.vnnlib,100
onnx/CIFAR100_resnet_large.onnx,vnnlib/CIFAR100_resnet_large_prop_idx_6047_sidx_2202_eps_0.0039.vnnlib,100
onnx/CIFAR100_resnet_large.onnx,vnnlib/CIFAR100_resnet_large_prop_idx_7737_sidx_2010_eps_0.0039.vnnlib,100
onnx/CIFAR100_resnet_large.onnx,vnnlib/CIFAR100_resnet_large_prop_idx_4896_sidx_1386_eps_0.0039.vnnlib,100
onnx/CIFAR100_resnet_large.onnx,vnnlib/CIFAR100_resnet_large_prop_idx_4205_sidx_3745_eps_0.0039.vnnlib,100
onnx/CIFAR100_resnet_large.onnx,vnnlib/CIFAR100_resnet_large_prop_idx_5773_sidx_7310_eps_0.0039.vnnlib,100
onnx/CIFAR100_resnet_large.onnx,vnnlib/CIFAR100_resnet_large_prop_idx_2724_sidx_6459_eps_0.0039.vnnlib,100
onnx/CIFAR100_resnet_large.onnx,vnnlib/CIFAR100_resnet_large_prop_idx_7233_sidx_4318_eps_0.0039.vnnlib,100
onnx/CIFAR100_resnet_large.onnx,vnnlib/CIFAR100_resnet_large_prop_idx_2518_sidx_7304_eps_0.0039.vnnlib,100
onnx/CIFAR100_resnet_large.onnx,vnnlib/CIFAR100_resnet_large_prop_idx_6591_sidx_1416_eps_0.0039.vnnlib,100
onnx/CIFAR100_resnet_large.onnx,vnnlib/CIFAR100_resnet_large_prop_idx_3146_sidx_7478_eps_0.0039.vnnlib,100
onnx/CIFAR100_resnet_large.onnx,vnnlib/CIFAR100_resnet_large_prop_idx_9928_sidx_428_eps_0.0039.vnnlib,100
onnx/CIFAR100_resnet_large.onnx,vnnlib/CIFAR100_resnet_large_prop_idx_4227_sidx_5883_eps_0.0039.vnnlib,100
onnx/CIFAR100_resnet_large.onnx,vnnlib/CIFAR100_resnet_large_prop_idx_8935_sidx_5282_eps_0.0039.vnnlib,100
onnx/CIFAR100_resnet_large.onnx,vnnlib/CIFAR100_resnet_large_prop_idx_3991_sidx_8049_eps_0.0039.vnnlib,100
onnx/CIFAR100_resnet_large.onnx,vnnlib/CIFAR100_resnet_large_prop_idx_4740_sidx_9432_eps_0.0039.vnnlib,100
onnx/CIFAR100_resnet_large.onnx,vnnlib/CIFAR100_resnet_large_prop_idx_7172_sidx_5978_eps_0.0039.vnnlib,100
onnx/CIFAR100_resnet_large.onnx,vnnlib/CIFAR100_resnet_large_prop_idx_8119_sidx_972_eps_0.0039.vnnlib,100
onnx/CIFAR100_resnet_large.onnx,vnnlib/CIFAR100_resnet_large_prop_idx_8395_sidx_8915_eps_0.0039.vnnlib,100
onnx/CIFAR100_resnet_large.onnx,vnnlib/CIFAR100_resnet_large_prop_idx_4554_sidx_1198_eps_0.0039.vnnlib,100
onnx/CIFAR100_resnet_large.onnx,vnnlib/CIFAR100_resnet_large_prop_idx_8433_sidx_6787_eps_0.0039.vnnlib,100
onnx/CIFAR100_resnet_large.onnx,vnnlib/CIFAR100_resnet_large_prop_idx_663_sidx_6150_eps_0.0039.vnnlib,100
onnx/CIFAR100_resnet_large.onnx,vnnlib/CIFAR100_resnet_large_prop_idx_2069_sidx_3553_eps_0.0039.vnnlib,100
onnx/CIFAR100_resnet_large.onnx,vnnlib/CIFAR100_resnet_large_prop_idx_6048_sidx_5990_eps_0.0039.vnnlib,100
onnx/CIFAR100_resnet_large.onnx,vnnlib/CIFAR100_resnet_large_prop_idx_2965_sidx_7087_eps_0.0039.vnnlib,100
onnx/CIFAR100_resnet_large.onnx,vnnlib/CIFAR100_resnet_large_prop_idx_4322_sidx_9995_eps_0.0039.vnnlib,100
onnx/CIFAR100_resnet_large.onnx,vnnlib/CIFAR100_resnet_large_prop_idx_1515_sidx_7413_eps_0.0039.vnnlib,100
onnx/CIFAR100_resnet_large.onnx,vnnlib/CIFAR100_resnet_large_prop_idx_6983_sidx_607_eps_0.0039.vnnlib,100
onnx/CIFAR100_resnet_large.onnx,vnnlib/CIFAR100_resnet_large_prop_idx_9204_sidx_137_eps_0.0039.vnnlib,100
onnx/CIFAR100_resnet_large.onnx,vnnlib/CIFAR100_resnet_large_prop_idx_4123_sidx_5371_eps_0.0039.vnnlib,100
onnx/CIFAR100_resnet_large.onnx,vnnlib/CIFAR100_resnet_large_prop_idx_3369_sidx_4161_eps_0.0039.vnnlib,100
onnx/CIFAR100_resnet_large.onnx,vnnlib/CIFAR100_resnet_large_prop_idx_1299_sidx_3260_eps_0.0039.vnnlib,100
onnx/CIFAR100_resnet_large.onnx,vnnlib/CIFAR100_resnet_large_prop_idx_3544_sidx_4947_eps_0.0039.vnnlib,100
onnx/CIFAR100_resnet_large.onnx,vnnlib/CIFAR100_resnet_large_prop_idx_7554_sidx_8201_eps_0.0039.vnnlib,100
onnx/CIFAR100_resnet_large.onnx,vnnlib/CIFAR100_resnet_large_prop_idx_6487_sidx_5951_eps_0.0039.vnnlib,100
onnx/CIFAR100_resnet_large.onnx,vnnlib/CIFAR100_resnet_large_prop_idx_4801_sidx_7217_eps_0.0039.vnnlib,100
onnx/CIFAR100_resnet_large.onnx,vnnlib/CIFAR100_resnet_large_prop_idx_5082_sidx_2174_eps_0.0039.vnnlib,100
onnx/CIFAR100_resnet_large.onnx,vnnlib/CIFAR100_resnet_large_prop_idx_1421_sidx_6398_eps_0.0039.vnnlib,100
onnx/CIFAR100_resnet_large.onnx,vnnlib/CIFAR100_resnet_large_prop_idx_7836_sidx_6290_eps_0.0039.vnnlib,100
onnx/CIFAR100_resnet_large.onnx,vnnlib/CIFAR100_resnet_large_prop_idx_7116_sidx_5473_eps_0.0039.vnnlib,100
onnx/CIFAR100_resnet_large.onnx,vnnlib/CIFAR100_resnet_large_prop_idx_1554_sidx_9693_eps_0.0039.vnnlib,100
onnx/CIFAR100_resnet_large.onnx,vnnlib/CIFAR100_resnet_large_prop_idx_3742_sidx_2685_eps_0.0039.vnnlib,100
onnx/CIFAR100_resnet_large.onnx,vnnlib/CIFAR100_resnet_large_prop_idx_3141_sidx_1117_eps_0.0039.vnnlib,100
onnx/CIFAR100_resnet_large.onnx,vnnlib/CIFAR100_resnet_large_prop_idx_94_sidx_3632_eps_0.0039.vnnlib,100
onnx/CIFAR100_resnet_large.onnx,vnnlib/CIFAR100_resnet_large_prop_idx_8381_sidx_4474_eps_0.0039.vnnlib,100
onnx/CIFAR100_resnet_large.onnx,vnnlib/CIFAR100_resnet_large_prop_idx_648_sidx_293_eps_0.0039.vnnlib,100
onnx/CIFAR100_resnet_large.onnx,vnnlib/CIFAR100_resnet_large_prop_idx_60_sidx_3480_eps_0.0039.vnnlib,100
onnx/CIFAR100_resnet_large.onnx,vnnlib/CIFAR100_resnet_large_prop_idx_7988_sidx_9988_eps_0.0039.vnnlib,100
onnx/CIFAR100_resnet_large.onnx,vnnlib/CIFAR100_resnet_large_prop_idx_7511_sidx_7439_eps_0.0039.vnnlib,100
onnx/CIFAR100_resnet_large.onnx,vnnlib/CIFAR100_resnet_large_prop_idx_7104_sidx_9469_eps_0.0039.vnnlib,100
onnx/CIFAR100_resnet_large.onnx,vnnlib/CIFAR100_resnet_large_prop_idx_5824_sidx_4547_eps_0.0039.vnnlib,100
onnx/CIFAR100_resnet_large.onnx,vnnlib/CIFAR100_resnet_large_prop_idx_5914_sidx_6134_eps_0.0039.vnnlib,100
onnx/CIFAR100_resnet_large.onnx,vnnlib/CIFAR100_resnet_large_prop_idx_880_sidx_6751_eps_0.0039.vnnlib,100
onnx/CIFAR100_resnet_large.onnx,vnnlib/CIFAR100_resnet_large_prop_idx_7433_sidx_3573_eps_0.0039.vnnlib,100
onnx/CIFAR100_resnet_large.onnx,vnnlib/CIFAR100_resnet_large_prop_idx_665_sidx_1754_eps_0.0039.vnnlib,100
onnx/CIFAR100_resnet_large.onnx,vnnlib/CIFAR100_resnet_large_prop_idx_898_sidx_5893_eps_0.0039.vnnlib,100
onnx/CIFAR100_resnet_large.onnx,vnnlib/CIFAR100_resnet_large_prop_idx_2527_sidx_1994_eps_0.0039.vnnlib,100
onnx/CIFAR100_resnet_large.onnx,vnnlib/CIFAR100_resnet_large_prop_idx_4399_sidx_5639_eps_0.0039.vnnlib,100
onnx/CIFAR100_resnet_large.onnx,vnnlib/CIFAR100_resnet_large_prop_idx_4155_sidx_1058_eps_0.0039.vnnlib,100
onnx/CIFAR100_resnet_large.onnx,vnnlib/CIFAR100_resnet_large_prop_idx_2176_sidx_3285_eps_0.0039.vnnlib,100
onnx/CIFAR100_resnet_large.onnx,vnnlib/CIFAR100_resnet_large_prop_idx_469_sidx_6589_eps_0.0039.vnnlib,100
onnx/CIFAR100_resnet_large.onnx,vnnlib/CIFAR100_resnet_large_prop_idx_7089_sidx_5353_eps_0.0039.vnnlib,100
onnx/CIFAR100_resnet_large.onnx,vnnlib/CIFAR100_resnet_large_prop_idx_650_sidx_3034_eps_0.0039.vnnlib,100
onnx/CIFAR100_resnet_large.onnx,vnnlib/CIFAR100_resnet_large_prop_idx_3384_sidx_2910_eps_0.0039.vnnlib,100
onnx/CIFAR100_resnet_large.onnx,vnnlib/CIFAR100_resnet_large_prop_idx_4241_sidx_2040_eps_0.0039.vnnlib,100
