onnx/model.onnx,vnnlib/properties/property_000.vnnlib,150
onnx/model_residual.onnx,vnnlib/properties/property_001.vnnlib,150
onnx/model_residual.onnx,vnnlib/properties/property_002.vnnlib,150
onnx/model.onnx,vnnlib/properties/property_003.vnnlib,150
onnx/model_residual.onnx,vnnlib/properties/property_004.vnnlib,150
onnx/model_residual.onnx,vnnlib/properties/property_005.vnnlib,150
onnx/model.onnx,vnnlib/properties/property_006.vnnlib,150
onnx/model.onnx,vnnlib/properties/property_007.vnnlib,150
onnx/model_residual.onnx,vnnlib/properties/property_008.vnnlib,150
onnx/model_residual.onnx,vnnlib/properties/property_009.vnnlib,150
onnx/model_residual.onnx,vnnlib/properties/property_010.vnnlib,150
onnx/model.onnx,vnnlib/properties/property_011.vnnlib,150
onnx/model_residual.onnx,vnnlib/properties/property_012.vnnlib,150
onnx/model.onnx,vnnlib/properties/property_013.vnnlib,150
onnx/model_residual.onnx,vnnlib/properties/property_014.vnnlib,150
onnx/model_residual.onnx,vnnlib/properties/property_015.vnnlib,150
onnx/model.onnx,vnnlib/properties/property_016.vnnlib,150
onnx/model.onnx,vnnlib/properties/property_017.vnnlib,150
onnx/model_residual.onnx,vnnlib/properties/property_018.vnnlib,150
onnx/model.onnx,vnnlib/properties/property_019.vnnlib,150
onnx/model.onnx,vnnlib/properties/property_020.vnnlib,150
onnx/model.onnx,vnnlib/properties/property_021.vnnlib,150
onnx/model.onnx,vnnlib/properties/property_022.vnnlib,150
onnx/model.onnx,vnnlib/properties/property_023.vnnlib,150
onnx/model_residual.onnx,vnnlib/properties/property_024.vnnlib,150
onnx/model_residual.onnx,vnnlib/properties/property_025.vnnlib,150
onnx/model_residual.onnx,vnnlib/properties/property_026.vnnlib,150
onnx/model_residual.onnx,vnnlib/properties/property_027.vnnlib,150
onnx/model.onnx,vnnlib/properties/property_028.vnnlib,150
onnx/model.onnx,vnnlib/properties/property_029.vnnlib,150
onnx/model_residual.onnx,vnnlib/properties/property_030.vnnlib,150
onnx/model.onnx,vnnlib/properties/property_031.vnnlib,150
onnx/model_residual.onnx,vnnlib/properties/property_032.vnnlib,150
onnx/model_residual.onnx,vnnlib/properties/property_033.vnnlib,150
onnx/model.onnx,vnnlib/properties/property_034.vnnlib,150
onnx/model.onnx,vnnlib/properties/property_035.vnnlib,150
onnx/model.onnx,vnnlib/properties/property_036.vnnlib,150
onnx/model.onnx,vnnlib/properties/property_037.vnnlib,150
onnx/model_residual.onnx,vnnlib/properties/property_038.vnnlib,150
onnx/model_residual.onnx,vnnlib/properties/property_039.vnnlib,150
onnx/model_residual.onnx,vnnlib/properties/property_040.vnnlib,150
onnx/model_residual.onnx,vnnlib/properties/property_041.vnnlib,150
onnx/model.onnx,vnnlib/properties/property_042.vnnlib,150
onnx/model_residual.onnx,vnnlib/properties/property_043.vnnlib,150
onnx/model_residual.onnx,vnnlib/properties/property_044.vnnlib,150
onnx/model_residual.onnx,vnnlib/properties/property_045.vnnlib,150
onnx/model_residual.onnx,vnnlib/properties/property_046.vnnlib,150
onnx/model.onnx,vnnlib/properties/property_047.vnnlib,150
onnx/model.onnx,vnnlib/properties/property_048.vnnlib,150
onnx/model.onnx,vnnlib/properties/property_049.vnnlib,150
onnx/model.onnx,vnnlib/properties/property_050.vnnlib,150
onnx/model.onnx,vnnlib/properties/property_051.vnnlib,150
onnx/model.onnx,vnnlib/properties/property_052.vnnlib,150
onnx/model_residual.onnx,vnnlib/properties/property_053.vnnlib,150
onnx/model_residual.onnx,vnnlib/properties/property_054.vnnlib,150
onnx/model.onnx,vnnlib/properties/property_055.vnnlib,150
onnx/model.onnx,vnnlib/properties/property_056.vnnlib,150
onnx/model.onnx,vnnlib/properties/property_057.vnnlib,150
onnx/model_residual.onnx,vnnlib/properties/property_058.vnnlib,150
onnx/model_residual.onnx,vnnlib/properties/property_059.vnnlib,150
