onnx/TinyImageNet_resnet_medium.onnx,vnnlib/TinyImageNet_resnet_medium_prop_idx_5386_sidx_9410_eps_0.0039.vnnlib,100
onnx/TinyImageNet_resnet_medium.onnx,vnnlib/TinyImageNet_resnet_medium_prop_idx_1923_sidx_9398_eps_0.0039.vnnlib,100
onnx/TinyImageNet_resnet_medium.onnx,vnnlib/TinyImageNet_resnet_medium_prop_idx_6546_sidx_3168_eps_0.0039.vnnlib,100
onnx/TinyImageNet_resnet_medium.onnx,vnnlib/TinyImageNet_resnet_medium_prop_idx_4668_sidx_7285_eps_0.0039.vnnlib,100
onnx/TinyImageNet_resnet_medium.onnx,vnnlib/TinyImageNet_resnet_medium_prop_idx_3533_sidx_4891_eps_0.0039.vnnlib,100
onnx/TinyImageNet_resnet_medium.onnx,vnnlib/TinyImageNet_resnet_medium_prop_idx_9431_sidx_1114_eps_0.0039.vnnlib,100
onnx/TinyImageNet_resnet_medium.onnx,vnnlib/TinyImageNet_resnet_medium_prop_idx_3938_sidx_8975_eps_0.0039.vnnlib,100
onnx/TinyImageNet_resnet_medium.onnx,vnnlib/TinyImageNet_resnet_medium_prop_idx_2445_sidx_6081_eps_0.0039.vnnlib,100
onnx/TinyImageNet_resnet_medium.onnx,vnnlib/TinyImageNet_resnet_medium_prop_idx_7883_sidx_4184_eps_0.0039.vnnlib,100
onnx/TinyImageNet_resnet_medium.onnx,vnnlib/TinyImageNet_resnet_medium_prop_idx_2614_sidx_8153_eps_0.0039.vnnlib,100
onnx/TinyImageNet_resnet_medium.onnx,vnnlib/TinyImageNet_resnet_medium_prop_idx_7225_sidx_2278_eps_0.0039.vnnlib,100
onnx/TinyImageNet_resnet_medium.onnx,vnnlib/TinyImageNet_resnet_medium_prop_idx_891_sidx_3478_eps_0.0039.vnnlib,100
onnx/TinyImageNet_resnet_medium.onnx,vnnlib/TinyImageNet_resnet_medium_prop_idx_3402_sidx_2503_eps_0.0039.vnnlib,100
onnx/TinyImageNet_resnet_medium.onnx,vnnlib/TinyImageNet_resnet_medium_prop_idx_3098_sidx_9528_eps_0.0039.vnnlib,100
onnx/TinyImageNet_resnet_medium.onnx,vnnlib/TinyImageNet_resnet_medium_prop_idx_8335_sidx_8077_eps_0.0039.vnnlib,100
onnx/TinyImageNet_resnet_medium.onnx,vnnlib/TinyImageNet_resnet_medium_prop_idx_9634_sidx_2838_eps_0.0039.vnnlib,100
onnx/TinyImageNet_resnet_medium.onnx,vnnlib/TinyImageNet_resnet_medium_prop_idx_8013_sidx_2238_eps_0.0039.vnnlib,100
onnx/TinyImageNet_resnet_medium.onnx,vnnlib/TinyImageNet_resnet_medium_prop_idx_9232_sidx_2922_eps_0.0039.vnnlib,100
onnx/TinyImageNet_resnet_medium.onnx,vnnlib/TinyImageNet_resnet_medium_prop_idx_9597_sidx_6636_eps_0.0039.vnnlib,100
onnx/TinyImageNet_resnet_medium.onnx,vnnlib/TinyImageNet_resnet_medium_prop_idx_9069_sidx_510_eps_0.0039.vnnlib,100
onnx/TinyImageNet_resnet_medium.onnx,vnnlib/TinyImageNet_resnet_medium_prop_idx_8986_sidx_3106_eps_0.0039.vnnlib,100
onnx/TinyImageNet_resnet_medium.onnx,vnnlib/TinyImageNet_resnet_medium_prop_idx_1651_sidx_3548_eps_0.0039.vnnlib,100
onnx/TinyImageNet_resnet_medium.onnx,vnnlib/TinyImageNet_resnet_medium_prop_idx_8796_sidx_3362_eps_0.0039.vnnlib,100
onnx/TinyImageNet_resnet_medium.onnx,vnnlib/TinyImageNet_resnet_medium_prop_idx_2911_sidx_8503_eps_0.0039.vnnlib,100
onnx/TinyImageNet_resnet_medium.onnx,vnnlib/TinyImageNet_resnet_medium_prop_idx_4329_sidx_5838_eps_0.0039.vnnlib,100
onnx/TinyImageNet_resnet_medium.onnx,vnnlib/TinyImageNet_resnet_medium_prop_idx_7567_sidx_5168_eps_0.0039.vnnlib,100
onnx/TinyImageNet_resnet_medium.onnx,vnnlib/TinyImageNet_resnet_medium_prop_idx_9595_sidx_2951_eps_0.0039.vnnlib,100
onnx/TinyImageNet_resnet_medium.onnx,vnnlib/TinyImageNet_resnet_medium_prop_idx_4674_sidx_6718_eps_0.0039.vnnlib,100
onnx/TinyImageNet_resnet_medium.onnx,vnnlib/TinyImageNet_resnet_medium_prop_idx_6014_sidx_2164_eps_0.0039.vnnlib,100
onnx/TinyImageNet_resnet_medium.onnx,vnnlib/TinyImageNet_resnet_medium_prop_idx_8191_sidx_5454_eps_0.0039.vnnlib,100
onnx/TinyImageNet_resnet_medium.onnx,vnnlib/TinyImageNet_resnet_medium_prop_idx_4588_sidx_1076_eps_0.0039.vnnlib,100
onnx/TinyImageNet_resnet_medium.onnx,vnnlib/TinyImageNet_resnet_medium_prop_idx_3004_sidx_6549_eps_0.0039.vnnlib,100
onnx/TinyImageNet_resnet_medium.onnx,vnnlib/TinyImageNet_resnet_medium_prop_idx_8464_sidx_3408_eps_0.0039.vnnlib,100
onnx/TinyImageNet_resnet_medium.onnx,vnnlib/TinyImageNet_resnet_medium_prop_idx_8559_sidx_8887_eps_0.0039.vnnlib,100
onnx/TinyImageNet_resnet_medium.onnx,vnnlib/TinyImageNet_resnet_medium_prop_idx_7479_sidx_2305_eps_0.0039.vnnlib,100
onnx/TinyImageNet_resnet_medium.onnx,vnnlib/TinyImageNet_resnet_medium_prop_idx_5560_sidx_5477_eps_0.0039.vnnlib,100
onnx/TinyImageNet_resnet_medium.onnx,vnnlib/TinyImageNet_resnet_medium_prop_idx_8436_sidx_1112_eps_0.0039.vnnlib,100
onnx/TinyImageNet_resnet_medium.onnx,vnnlib/TinyImageNet_resnet_medium_prop_idx_9061_sidx_6826_eps_0.0039.vnnlib,100
onnx/TinyImageNet_resnet_medium.onnx,vnnlib/TinyImageNet_resnet_medium_prop_idx_9649_sidx_6653_eps_0.0039.vnnlib,100
onnx/TinyImageNet_resnet_medium.onnx,vnnlib/TinyImageNet_resnet_medium_prop_idx_8288_sidx_307_eps_0.0039.vnnlib,100
onnx/TinyImageNet_resnet_medium.onnx,vnnlib/TinyImageNet_resnet_medium_prop_idx_5382_sidx_4518_eps_0.0039.vnnlib,100
onnx/TinyImageNet_resnet_medium.onnx,vnnlib/TinyImageNet_resnet_medium_prop_idx_518_sidx_9236_eps_0.0039.vnnlib,100
onnx/TinyImageNet_resnet_medium.onnx,vnnlib/TinyImageNet_resnet_medium_prop_idx_3306_sidx_8440_eps_0.0039.vnnlib,100
onnx/TinyImageNet_resnet_medium.onnx,vnnlib/TinyImageNet_resnet_medium_prop_idx_8342_sidx_4885_eps_0.0039.vnnlib,100
onnx/TinyImageNet_resnet_medium.onnx,vnnlib/TinyImageNet_resnet_medium_prop_idx_139_sidx_8529_eps_0.0039.vnnlib,100
onnx/TinyImageNet_resnet_medium.onnx,vnnlib/TinyImageNet_resnet_medium_prop_idx_9180_sidx_2926_eps_0.0039.vnnlib,100
onnx/TinyImageNet_resnet_medium.onnx,vnnlib/TinyImageNet_resnet_medium_prop_idx_6800_sidx_901_eps_0.0039.vnnlib,100
onnx/TinyImageNet_resnet_medium.onnx,vnnlib/TinyImageNet_resnet_medium_prop_idx_4528_sidx_911_eps_0.0039.vnnlib,100
onnx/TinyImageNet_resnet_medium.onnx,vnnlib/TinyImageNet_resnet_medium_prop_idx_4171_sidx_705_eps_0.0039.vnnlib,100
onnx/TinyImageNet_resnet_medium.onnx,vnnlib/TinyImageNet_resnet_medium_prop_idx_2737_sidx_519_eps_0.0039.vnnlib,100
onnx/TinyImageNet_resnet_medium.onnx,vnnlib/TinyImageNet_resnet_medium_prop_idx_9729_sidx_1662_eps_0.0039.vnnlib,100
onnx/TinyImageNet_resnet_medium.onnx,vnnlib/TinyImageNet_resnet_medium_prop_idx_3437_sidx_2708_eps_0.0039.vnnlib,100
onnx/TinyImageNet_resnet_medium.onnx,vnnlib/TinyImageNet_resnet_medium_prop_idx_5697_sidx_3303_eps_0.0039.vnnlib,100
onnx/TinyImageNet_resnet_medium.onnx,vnnlib/TinyImageNet_resnet_medium_prop_idx_1145_sidx_3117_eps_0.0039.vnnlib,100
onnx/TinyImageNet_resnet_medium.onnx,vnnlib/TinyImageNet_resnet_medium_prop_idx_4213_sidx_1247_eps_0.0039.vnnlib,100
onnx/TinyImageNet_resnet_medium.onnx,vnnlib/TinyImageNet_resnet_medium_prop_idx_8444_sidx_2478_eps_0.0039.vnnlib,100
onnx/TinyImageNet_resnet_medium.onnx,vnnlib/TinyImageNet_resnet_medium_prop_idx_4366_sidx_4842_eps_0.0039.vnnlib,100
onnx/TinyImageNet_resnet_medium.onnx,vnnlib/TinyImageNet_resnet_medium_prop_idx_2670_sidx_3959_eps_0.0039.vnnlib,100
onnx/TinyImageNet_resnet_medium.onnx,vnnlib/TinyImageNet_resnet_medium_prop_idx_2184_sidx_9679_eps_0.0039.vnnlib,100
onnx/TinyImageNet_resnet_medium.onnx,vnnlib/TinyImageNet_resnet_medium_prop_idx_6339_sidx_7609_eps_0.0039.vnnlib,100
onnx/TinyImageNet_resnet_medium.onnx,vnnlib/TinyImageNet_resnet_medium_prop_idx_4463_sidx_4146_eps_0.0039.vnnlib,100
onnx/TinyImageNet_resnet_medium.onnx,vnnlib/TinyImageNet_resnet_medium_prop_idx_493_sidx_3733_eps_0.0039.vnnlib,100
onnx/TinyImageNet_resnet_medium.onnx,vnnlib/TinyImageNet_resnet_medium_prop_idx_4484_sidx_796_eps_0.0039.vnnlib,100
onnx/TinyImageNet_resnet_medium.onnx,vnnlib/TinyImageNet_resnet_medium_prop_idx_3261_sidx_1843_eps_0.0039.vnnlib,100
onnx/TinyImageNet_resnet_medium.onnx,vnnlib/TinyImageNet_resnet_medium_prop_idx_2346_sidx_7694_eps_0.0039.vnnlib,100
onnx/TinyImageNet_resnet_medium.onnx,vnnlib/TinyImageNet_resnet_medium_prop_idx_2092_sidx_1919_eps_0.0039.vnnlib,100
onnx/TinyImageNet_resnet_medium.onnx,vnnlib/TinyImageNet_resnet_medium_prop_idx_9762_sidx_9367_eps_0.0039.vnnlib,100
onnx/TinyImageNet_resnet_medium.onnx,vnnlib/TinyImageNet_resnet_medium_prop_idx_8853_sidx_6463_eps_0.0039.vnnlib,100
onnx/TinyImageNet_resnet_medium.onnx,vnnlib/TinyImageNet_resnet_medium_prop_idx_5731_sidx_8271_eps_0.0039.vnnlib,100
onnx/TinyImageNet_resnet_medium.onnx,vnnlib/TinyImageNet_resnet_medium_prop_idx_3243_sidx_5299_eps_0.0039.vnnlib,100
onnx/TinyImageNet_resnet_medium.onnx,vnnlib/TinyImageNet_resnet_medium_prop_idx_1728_sidx_3229_eps_0.0039.vnnlib,100
onnx/TinyImageNet_resnet_medium.onnx,vnnlib/TinyImageNet_resnet_medium_prop_idx_105_sidx_7898_eps_0.0039.vnnlib,100
onnx/TinyImageNet_resnet_medium.onnx,vnnlib/TinyImageNet_resnet_medium_prop_idx_3218_sidx_5420_eps_0.0039.vnnlib,100
onnx/TinyImageNet_resnet_medium.onnx,vnnlib/TinyImageNet_resnet_medium_prop_idx_2453_sidx_3738_eps_0.0039.vnnlib,100
onnx/TinyImageNet_resnet_medium.onnx,vnnlib/TinyImageNet_resnet_medium_prop_idx_8063_sidx_4619_eps_0.0039.vnnlib,100
onnx/TinyImageNet_resnet_medium.onnx,vnnlib/TinyImageNet_resnet_medium_prop_idx_5533_sidx_6208_eps_0.0039.vnnlib,100
onnx/TinyImageNet_resnet_medium.onnx,vnnlib/TinyImageNet_resnet_medium_prop_idx_66_sidx_5303_eps_0.0039.vnnlib,100
onnx/TinyImageNet_resnet_medium.onnx,vnnlib/TinyImageNet_resnet_medium_prop_idx_2368_sidx_6021_eps_0.0039.vnnlib,100
onnx/TinyImageNet_resnet_medium.onnx,vnnlib/TinyImageNet_resnet_medium_prop_idx_516_sidx_8466_eps_0.0039.vnnlib,100
onnx/TinyImageNet_resnet_medium.onnx,vnnlib/TinyImageNet_resnet_medium_prop_idx_9825_sidx_6883_eps_0.0039.vnnlib,100
onnx/TinyImageNet_resnet_medium.onnx,vnnlib/TinyImageNet_resnet_medium_prop_idx_2341_sidx_4149_eps_0.0039.vnnlib,100
onnx/TinyImageNet_resnet_medium.onnx,vnnlib/TinyImageNet_resnet_medium_prop_idx_9036_sidx_5801_eps_0.0039.vnnlib,100
onnx/TinyImageNet_resnet_medium.onnx,vnnlib/TinyImageNet_resnet_medium_prop_idx_4312_sidx_1349_eps_0.0039.vnnlib,100
onnx/TinyImageNet_resnet_medium.onnx,vnnlib/TinyImageNet_resnet_medium_prop_idx_3383_sidx_758_eps_0.0039.vnnlib,100
onnx/TinyImageNet_resnet_medium.onnx,vnnlib/TinyImageNet_resnet_medium_prop_idx_7839_sidx_7410_eps_0.0039.vnnlib,100
onnx/TinyImageNet_resnet_medium.onnx,vnnlib/TinyImageNet_resnet_medium_prop_idx_4121_sidx_3650_eps_0.0039.vnnlib,100
onnx/TinyImageNet_resnet_medium.onnx,vnnlib/TinyImageNet_resnet_medium_prop_idx_151_sidx_677_eps_0.0039.vnnlib,100
onnx/TinyImageNet_resnet_medium.onnx,vnnlib/TinyImageNet_resnet_medium_prop_idx_9840_sidx_3444_eps_0.0039.vnnlib,100
onnx/TinyImageNet_resnet_medium.onnx,vnnlib/TinyImageNet_resnet_medium_prop_idx_4945_sidx_4616_eps_0.0039.vnnlib,100
onnx/TinyImageNet_resnet_medium.onnx,vnnlib/TinyImageNet_resnet_medium_prop_idx_3448_sidx_1601_eps_0.0039.vnnlib,100
onnx/TinyImageNet_resnet_medium.onnx,vnnlib/TinyImageNet_resnet_medium_prop_idx_9402_sidx_4046_eps_0.0039.vnnlib,100
onnx/TinyImageNet_resnet_medium.onnx,vnnlib/TinyImageNet_resnet_medium_prop_idx_57_sidx_9858_eps_0.0039.vnnlib,100
onnx/TinyImageNet_resnet_medium.onnx,vnnlib/TinyImageNet_resnet_medium_prop_idx_504_sidx_9097_eps_0.0039.vnnlib,100
onnx/TinyImageNet_resnet_medium.onnx,vnnlib/TinyImageNet_resnet_medium_prop_idx_4278_sidx_4302_eps_0.0039.vnnlib,100
onnx/TinyImageNet_resnet_medium.onnx,vnnlib/TinyImageNet_resnet_medium_prop_idx_8708_sidx_889_eps_0.0039.vnnlib,100
onnx/TinyImageNet_resnet_medium.onnx,vnnlib/TinyImageNet_resnet_medium_prop_idx_5685_sidx_8755_eps_0.0039.vnnlib,100
onnx/TinyImageNet_resnet_medium.onnx,vnnlib/TinyImageNet_resnet_medium_prop_idx_9090_sidx_2641_eps_0.0039.vnnlib,100
onnx/TinyImageNet_resnet_medium.onnx,vnnlib/TinyImageNet_resnet_medium_prop_idx_2740_sidx_1476_eps_0.0039.vnnlib,100
onnx/TinyImageNet_resnet_medium.onnx,vnnlib/TinyImageNet_resnet_medium_prop_idx_4302_sidx_239_eps_0.0039.vnnlib,100
onnx/TinyImageNet_resnet_medium.onnx,vnnlib/TinyImageNet_resnet_medium_prop_idx_7875_sidx_3320_eps_0.0039.vnnlib,100
onnx/TinyImageNet_resnet_medium.onnx,vnnlib/TinyImageNet_resnet_medium_prop_idx_675_sidx_3209_eps_0.0039.vnnlib,100
onnx/TinyImageNet_resnet_medium.onnx,vnnlib/TinyImageNet_resnet_medium_prop_idx_6382_sidx_4101_eps_0.0039.vnnlib,100
onnx/TinyImageNet_resnet_medium.onnx,vnnlib/TinyImageNet_resnet_medium_prop_idx_8611_sidx_8289_eps_0.0039.vnnlib,100
onnx/TinyImageNet_resnet_medium.onnx,vnnlib/TinyImageNet_resnet_medium_prop_idx_3839_sidx_962_eps_0.0039.vnnlib,100
onnx/TinyImageNet_resnet_medium.onnx,vnnlib/TinyImageNet_resnet_medium_prop_idx_2823_sidx_3967_eps_0.0039.vnnlib,100
onnx/TinyImageNet_resnet_medium.onnx,vnnlib/TinyImageNet_resnet_medium_prop_idx_7762_sidx_3616_eps_0.0039.vnnlib,100
onnx/TinyImageNet_resnet_medium.onnx,vnnlib/TinyImageNet_resnet_medium_prop_idx_9920_sidx_864_eps_0.0039.vnnlib,100
onnx/TinyImageNet_resnet_medium.onnx,vnnlib/TinyImageNet_resnet_medium_prop_idx_8106_sidx_9620_eps_0.0039.vnnlib,100
onnx/TinyImageNet_resnet_medium.onnx,vnnlib/TinyImageNet_resnet_medium_prop_idx_9025_sidx_9203_eps_0.0039.vnnlib,100
onnx/TinyImageNet_resnet_medium.onnx,vnnlib/TinyImageNet_resnet_medium_prop_idx_4004_sidx_9594_eps_0.0039.vnnlib,100
onnx/TinyImageNet_resnet_medium.onnx,vnnlib/TinyImageNet_resnet_medium_prop_idx_236_sidx_420_eps_0.0039.vnnlib,100
onnx/TinyImageNet_resnet_medium.onnx,vnnlib/TinyImageNet_resnet_medium_prop_idx_37_sidx_2045_eps_0.0039.vnnlib,100
onnx/TinyImageNet_resnet_medium.onnx,vnnlib/TinyImageNet_resnet_medium_prop_idx_8186_sidx_1858_eps_0.0039.vnnlib,100
onnx/TinyImageNet_resnet_medium.onnx,vnnlib/TinyImageNet_resnet_medium_prop_idx_568_sidx_8816_eps_0.0039.vnnlib,100
onnx/TinyImageNet_resnet_medium.onnx,vnnlib/TinyImageNet_resnet_medium_prop_idx_1615_sidx_1065_eps_0.0039.vnnlib,100
onnx/TinyImageNet_resnet_medium.onnx,vnnlib/TinyImageNet_resnet_medium_prop_idx_5050_sidx_9269_eps_0.0039.vnnlib,100
onnx/TinyImageNet_resnet_medium.onnx,vnnlib/TinyImageNet_resnet_medium_prop_idx_9443_sidx_9318_eps_0.0039.vnnlib,100
onnx/TinyImageNet_resnet_medium.onnx,vnnlib/TinyImageNet_resnet_medium_prop_idx_9820_sidx_88_eps_0.0039.vnnlib,100
onnx/TinyImageNet_resnet_medium.onnx,vnnlib/TinyImageNet_resnet_medium_prop_idx_8768_sidx_4770_eps_0.0039.vnnlib,100
onnx/TinyImageNet_resnet_medium.onnx,vnnlib/TinyImageNet_resnet_medium_prop_idx_6230_sidx_8544_eps_0.0039.vnnlib,100
onnx/TinyImageNet_resnet_medium.onnx,vnnlib/TinyImageNet_resnet_medium_prop_idx_5999_sidx_7879_eps_0.0039.vnnlib,100
onnx/TinyImageNet_resnet_medium.onnx,vnnlib/TinyImageNet_resnet_medium_prop_idx_4687_sidx_612_eps_0.0039.vnnlib,100
onnx/TinyImageNet_resnet_medium.onnx,vnnlib/TinyImageNet_resnet_medium_prop_idx_8341_sidx_1823_eps_0.0039.vnnlib,100
onnx/TinyImageNet_resnet_medium.onnx,vnnlib/TinyImageNet_resnet_medium_prop_idx_1759_sidx_3135_eps_0.0039.vnnlib,100
onnx/TinyImageNet_resnet_medium.onnx,vnnlib/TinyImageNet_resnet_medium_prop_idx_1412_sidx_8154_eps_0.0039.vnnlib,100
onnx/TinyImageNet_resnet_medium.onnx,vnnlib/TinyImageNet_resnet_medium_prop_idx_4183_sidx_730_eps_0.0039.vnnlib,100
onnx/TinyImageNet_resnet_medium.onnx,vnnlib/TinyImageNet_resnet_medium_prop_idx_962_sidx_2870_eps_0.0039.vnnlib,100
onnx/TinyImageNet_resnet_medium.onnx,vnnlib/TinyImageNet_resnet_medium_prop_idx_5962_sidx_8128_eps_0.0039.vnnlib,100
onnx/TinyImageNet_resnet_medium.onnx,vnnlib/TinyImageNet_resnet_medium_prop_idx_5591_sidx_6464_eps_0.0039.vnnlib,100
onnx/TinyImageNet_resnet_medium.onnx,vnnlib/TinyImageNet_resnet_medium_prop_idx_2448_sidx_6943_eps_0.0039.vnnlib,100
onnx/TinyImageNet_resnet_medium.onnx,vnnlib/TinyImageNet_resnet_medium_prop_idx_2310_sidx_1923_eps_0.0039.vnnlib,100
onnx/TinyImageNet_resnet_medium.onnx,vnnlib/TinyImageNet_resnet_medium_prop_idx_404_sidx_7302_eps_0.0039.vnnlib,100
onnx/TinyImageNet_resnet_medium.onnx,vnnlib/TinyImageNet_resnet_medium_prop_idx_8524_sidx_7247_eps_0.0039.vnnlib,100
onnx/TinyImageNet_resnet_medium.onnx,vnnlib/TinyImageNet_resnet_medium_prop_idx_2053_sidx_9323_eps_0.0039.vnnlib,100
onnx/TinyImageNet_resnet_medium.onnx,vnnlib/TinyImageNet_resnet_medium_prop_idx_7760_sidx_268_eps_0.0039.vnnlib,100
onnx/TinyImageNet_resnet_medium.onnx,vnnlib/TinyImageNet_resnet_medium_prop_idx_520_sidx_3516_eps_0.0039.vnnlib,100
onnx/TinyImageNet_resnet_medium.onnx,vnnlib/TinyImageNet_resnet_medium_prop_idx_1718_sidx_4924_eps_0.0039.vnnlib,100
onnx/TinyImageNet_resnet_medium.onnx,vnnlib/TinyImageNet_resnet_medium_prop_idx_9331_sidx_6057_eps_0.0039.vnnlib,100
onnx/TinyImageNet_resnet_medium.onnx,vnnlib/TinyImageNet_resnet_medium_prop_idx_6757_sidx_2400_eps_0.0039.vnnlib,100
onnx/TinyImageNet_resnet_medium.onnx,vnnlib/TinyImageNet_resnet_medium_prop_idx_8046_sidx_6661_eps_0.0039.vnnlib,100
onnx/TinyImageNet_resnet_medium.onnx,vnnlib/TinyImageNet_resnet_medium_prop_idx_8005_sidx_2582_eps_0.0039.vnnlib,100
onnx/TinyImageNet_resnet_medium.onnx,vnnlib/TinyImageNet_resnet_medium_prop_idx_3440_sidx_4755_eps_0.0039.vnnlib,100
onnx/TinyImageNet_resnet_medium.onnx,vnnlib/TinyImageNet_resnet_medium_prop_idx_613_sidx_6258_eps_0.0039.vnnlib,100
onnx/TinyImageNet_resnet_medium.onnx,vnnlib/TinyImageNet_resnet_medium_prop_idx_110_sidx_3348_eps_0.0039.vnnlib,100
onnx/TinyImageNet_resnet_medium.onnx,vnnlib/TinyImageNet_resnet_medium_prop_idx_9611_sidx_7725_eps_0.0039.vnnlib,100
onnx/TinyImageNet_resnet_medium.onnx,vnnlib/TinyImageNet_resnet_medium_prop_idx_7975_sidx_1559_eps_0.0039.vnnlib,100
onnx/TinyImageNet_resnet_medium.onnx,vnnlib/TinyImageNet_resnet_medium_prop_idx_1129_sidx_4893_eps_0.0039.vnnlib,100
onnx/TinyImageNet_resnet_medium.onnx,vnnlib/TinyImageNet_resnet_medium_prop_idx_930_sidx_5056_eps_0.0039.vnnlib,100
onnx/TinyImageNet_resnet_medium.onnx,vnnlib/TinyImageNet_resnet_medium_prop_idx_4587_sidx_6406_eps_0.0039.vnnlib,100
onnx/TinyImageNet_resnet_medium.onnx,vnnlib/TinyImageNet_resnet_medium_prop_idx_9271_sidx_575_eps_0.0039.vnnlib,100
onnx/TinyImageNet_resnet_medium.onnx,vnnlib/TinyImageNet_resnet_medium_prop_idx_162_sidx_1236_eps_0.0039.vnnlib,100
onnx/TinyImageNet_resnet_medium.onnx,vnnlib/TinyImageNet_resnet_medium_prop_idx_647_sidx_9608_eps_0.0039.vnnlib,100
onnx/TinyImageNet_resnet_medium.onnx,vnnlib/TinyImageNet_resnet_medium_prop_idx_4301_sidx_6300_eps_0.0039.vnnlib,100
onnx/TinyImageNet_resnet_medium.onnx,vnnlib/TinyImageNet_resnet_medium_prop_idx_3866_sidx_8102_eps_0.0039.vnnlib,100
onnx/TinyImageNet_resnet_medium.onnx,vnnlib/TinyImageNet_resnet_medium_prop_idx_2498_sidx_4451_eps_0.0039.vnnlib,100
onnx/TinyImageNet_resnet_medium.onnx,vnnlib/TinyImageNet_resnet_medium_prop_idx_5982_sidx_4177_eps_0.0039.vnnlib,100
onnx/TinyImageNet_resnet_medium.onnx,vnnlib/TinyImageNet_resnet_medium_prop_idx_4407_sidx_4717_eps_0.0039.vnnlib,100
onnx/TinyImageNet_resnet_medium.onnx,vnnlib/TinyImageNet_resnet_medium_prop_idx_8043_sidx_500_eps_0.0039.vnnlib,100
onnx/TinyImageNet_resnet_medium.onnx,vnnlib/TinyImageNet_resnet_medium_prop_idx_8363_sidx_892_eps_0.0039.vnnlib,100
onnx/TinyImageNet_resnet_medium.onnx,vnnlib/TinyImageNet_resnet_medium_prop_idx_5257_sidx_5727_eps_0.0039.vnnlib,100
onnx/TinyImageNet_resnet_medium.onnx,vnnlib/TinyImageNet_resnet_medium_prop_idx_4911_sidx_8317_eps_0.0039.vnnlib,100
onnx/TinyImageNet_resnet_medium.onnx,vnnlib/TinyImageNet_resnet_medium_prop_idx_5351_sidx_6501_eps_0.0039.vnnlib,100
onnx/TinyImageNet_resnet_medium.onnx,vnnlib/TinyImageNet_resnet_medium_prop_idx_2042_sidx_5377_eps_0.0039.vnnlib,100
onnx/TinyImageNet_resnet_medium.onnx,vnnlib/TinyImageNet_resnet_medium_prop_idx_8041_sidx_395_eps_0.0039.vnnlib,100
onnx/TinyImageNet_resnet_medium.onnx,vnnlib/TinyImageNet_resnet_medium_prop_idx_7856_sidx_8402_eps_0.0039.vnnlib,100
onnx/TinyImageNet_resnet_medium.onnx,vnnlib/TinyImageNet_resnet_medium_prop_idx_5440_sidx_1808_eps_0.0039.vnnlib,100
onnx/TinyImageNet_resnet_medium.onnx,vnnlib/TinyImageNet_resnet_medium_prop_idx_7798_sidx_9443_eps_0.0039.vnnlib,100
onnx/TinyImageNet_resnet_medium.onnx,vnnlib/TinyImageNet_resnet_medium_prop_idx_8497_sidx_5773_eps_0.0039.vnnlib,100
onnx/TinyImageNet_resnet_medium.onnx,vnnlib/TinyImageNet_resnet_medium_prop_idx_7525_sidx_3725_eps_0.0039.vnnlib,100
onnx/TinyImageNet_resnet_medium.onnx,vnnlib/TinyImageNet_resnet_medium_prop_idx_9340_sidx_2220_eps_0.0039.vnnlib,100
onnx/TinyImageNet_resnet_medium.onnx,vnnlib/TinyImageNet_resnet_medium_prop_idx_6578_sidx_4058_eps_0.0039.vnnlib,100
onnx/TinyImageNet_resnet_medium.onnx,vnnlib/TinyImageNet_resnet_medium_prop_idx_2173_sidx_6543_eps_0.0039.vnnlib,100
onnx/TinyImageNet_resnet_medium.onnx,vnnlib/TinyImageNet_resnet_medium_prop_idx_4551_sidx_6769_eps_0.0039.vnnlib,100
onnx/TinyImageNet_resnet_medium.onnx,vnnlib/TinyImageNet_resnet_medium_prop_idx_8623_sidx_6019_eps_0.0039.vnnlib,100
onnx/TinyImageNet_resnet_medium.onnx,vnnlib/TinyImageNet_resnet_medium_prop_idx_536_sidx_7699_eps_0.0039.vnnlib,100
onnx/TinyImageNet_resnet_medium.onnx,vnnlib/TinyImageNet_resnet_medium_prop_idx_1864_sidx_887_eps_0.0039.vnnlib,100
onnx/TinyImageNet_resnet_medium.onnx,vnnlib/TinyImageNet_resnet_medium_prop_idx_2301_sidx_9400_eps_0.0039.vnnlib,100
onnx/TinyImageNet_resnet_medium.onnx,vnnlib/TinyImageNet_resnet_medium_prop_idx_4464_sidx_4786_eps_0.0039.vnnlib,100
onnx/TinyImageNet_resnet_medium.onnx,vnnlib/TinyImageNet_resnet_medium_prop_idx_4419_sidx_4147_eps_0.0039.vnnlib,100
onnx/TinyImageNet_resnet_medium.onnx,vnnlib/TinyImageNet_resnet_medium_prop_idx_1983_sidx_1459_eps_0.0039.vnnlib,100
onnx/TinyImageNet_resnet_medium.onnx,vnnlib/TinyImageNet_resnet_medium_prop_idx_5134_sidx_3767_eps_0.0039.vnnlib,100
onnx/TinyImageNet_resnet_medium.onnx,vnnlib/TinyImageNet_resnet_medium_prop_idx_9477_sidx_9037_eps_0.0039.vnnlib,100
onnx/TinyImageNet_resnet_medium.onnx,vnnlib/TinyImageNet_resnet_medium_prop_idx_6946_sidx_4300_eps_0.0039.vnnlib,100
onnx/TinyImageNet_resnet_medium.onnx,vnnlib/TinyImageNet_resnet_medium_prop_idx_5414_sidx_1938_eps_0.0039.vnnlib,100
onnx/TinyImageNet_resnet_medium.onnx,vnnlib/TinyImageNet_resnet_medium_prop_idx_1043_sidx_7608_eps_0.0039.vnnlib,100
onnx/TinyImageNet_resnet_medium.onnx,vnnlib/TinyImageNet_resnet_medium_prop_idx_2089_sidx_2657_eps_0.0039.vnnlib,100
onnx/TinyImageNet_resnet_medium.onnx,vnnlib/TinyImageNet_resnet_medium_prop_idx_6569_sidx_5110_eps_0.0039.vnnlib,100
onnx/TinyImageNet_resnet_medium.onnx,vnnlib/TinyImageNet_resnet_medium_prop_idx_4987_sidx_739_eps_0.0039.vnnlib,100
onnx/TinyImageNet_resnet_medium.onnx,vnnlib/TinyImageNet_resnet_medium_prop_idx_6036_sidx_4672_eps_0.0039.vnnlib,100
onnx/TinyImageNet_resnet_medium.onnx,vnnlib/TinyImageNet_resnet_medium_prop_idx_9928_sidx_428_eps_0.0039.vnnlib,100
onnx/TinyImageNet_resnet_medium.onnx,vnnlib/TinyImageNet_resnet_medium_prop_idx_3373_sidx_5926_eps_0.0039.vnnlib,100
onnx/TinyImageNet_resnet_medium.onnx,vnnlib/TinyImageNet_resnet_medium_prop_idx_7683_sidx_158_eps_0.0039.vnnlib,100
onnx/TinyImageNet_resnet_medium.onnx,vnnlib/TinyImageNet_resnet_medium_prop_idx_2594_sidx_7029_eps_0.0039.vnnlib,100
onnx/TinyImageNet_resnet_medium.onnx,vnnlib/TinyImageNet_resnet_medium_prop_idx_6827_sidx_2613_eps_0.0039.vnnlib,100
onnx/TinyImageNet_resnet_medium.onnx,vnnlib/TinyImageNet_resnet_medium_prop_idx_4500_sidx_6717_eps_0.0039.vnnlib,100
onnx/TinyImageNet_resnet_medium.onnx,vnnlib/TinyImageNet_resnet_medium_prop_idx_5936_sidx_6513_eps_0.0039.vnnlib,100
onnx/TinyImageNet_resnet_medium.onnx,vnnlib/TinyImageNet_resnet_medium_prop_idx_6356_sidx_8443_eps_0.0039.vnnlib,100
onnx/TinyImageNet_resnet_medium.onnx,vnnlib/TinyImageNet_resnet_medium_prop_idx_8654_sidx_4419_eps_0.0039.vnnlib,100
onnx/TinyImageNet_resnet_medium.onnx,vnnlib/TinyImageNet_resnet_medium_prop_idx_8629_sidx_338_eps_0.0039.vnnlib,100
onnx/TinyImageNet_resnet_medium.onnx,vnnlib/TinyImageNet_resnet_medium_prop_idx_5032_sidx_7113_eps_0.0039.vnnlib,100
